rtn,town,address,site_name,notification_date,chemical,status,primary_rtn,source,lat,lon
1-0021230,LANESBOROUGH,20 BRIDGE STREET,LANESBOROUGH WATER SUPPLY WELL #1,2020-12-09,PFOS & PFAS,,,2021 list only,,
1-0021265,NEW SALEM,201 WENDELL ROAD,SWIFT RIVER ELEMENTARY SCHOOL,2021-01-21,PFAS,,,2021 list only,,
1-0021289,NORTHFIELD,496 PINE MEADOW ROAD,FOUR STAR FARMS,2021-04-05,PFAS,,,2021 list only,,
1-0021469,WARWICK,355 WENDELL ROAD,FORMER RESIDENTIAL PROPERTY,2021-12-15,PER- AND POLYFLUOROALKYL SUBSTANCES (PFAS) (sum of constituents listed below),TIERI,,MassDEP database,42.65426,-72.35029
1-0021645,LEE,20 Forest St,SIMKINS LANDFILL,2022-09-21,PER- AND POLYFLUOROALKYL SUBSTANCES (PFAS) (sum of constituents listed below),ADQREG,,MassDEP database,42.2909931,-73.2156633
1-0021955,CLARKSBURG,1935 MOHAWK TRAIL,GOLDEN EAGLE RESTAURANT,2024-02-06,PERFLUOROHEXANESULFONIC ACID (PFHxS); PERFLUOROOCTANESULFONIC ACID (PFOS); PERFLUOROOCTANOIC ACID (PFOA),TIERI,,MassDEP database,42.70922,-73.06295
1-0050148,BELCHERTOWN,Pit Rd,FORMER STATE SCHOOL,2024-06-06,PFAS,ADQREG,,MassDEP database,,
1-0050160,WARE,Near Monson Turnpike Rd,MONSON TURNPIKE,2024-05-07,PERFLUOROOCTANESULFONIC ACID (PFOS); PERFLUOROOCTANOIC ACID (PFOA),TIERII,,MassDEP database,,
1-0050204,PALMER,NEAR STATE STREET,STATE STREET LANDFILL,2024-05-20,PERFLUOROOCTANOIC ACID (PFOA),ADQREG,,MassDEP database,,
1-0050673,SPRINGFIELD,145 Albany Street,142 ALBANY STREET - BUCKEYE TERMINAL,2024-08-15,PFAS,PSNC,,MassDEP database,,
1-0050744,SUNDERLAND,Reservation Road,SUNDERLAND SANITARY LANDFILL,2024-08-29,PFAS,TIER1D,,MassDEP database,,
1-0051592,WESTFIELD,0 NORTH ROAD,PARCEL 72/R/63/1-A,2025-03-20,PERFLUOROOCTANOIC ACID (PFOA),TIERII,,MassDEP database,,
1-0051746,HUNTINGTON,53 Basket Street,HUNTINGTON LANDFILL,2025-04-29,PER- AND POLYFLUOROALKYL SUBSTANCES (PFAS) (sum of constituents listed below),TIER1D,,MassDEP database,,
1-0051996,ATHOL,121 Crescent Street,"121 CRESCENT ST, L.S. STARRETT CO",2025-06-13,PER- AND POLYFLUOROALKYL SUBSTANCES (PFAS) (sum of constituents listed below); PERFLUOROOCTANESULFONIC ACID (PFOS),UNCLSS,,MassDEP database,,
1-0052145,WESTFIELD,175 Falcon Dr,IRAP SITE 1 &6 FIRE TRAINING AREAS,2016-10-11,PER- AND POLYFLUOROALKYL SUBSTANCES (PFAS) (sum of constituents listed below),ADQREG,,MassDEP database,,
1-0052196,CHICOPEE,975 Patriot Ave,WESTOVER AIR RESERAVE BASE,2018-05-01,PER- AND POLYFLUOROALKYL SUBSTANCES (PFAS) (sum of constituents listed below),ADQREG,,MassDEP database,,
2-0020439,HUDSON,51 PARMENTER ROAD,FMR BOYD COATINGS RESEARCH CO,2018-01-24,PERFLUOROOCTANESULFONIC ACID,TMPS,,2021 list only,42.3852,-71.49451
2-0020907,HUDSON,CHESTNUT STREET,CHESTNUT STREET WELL,2016-08-31,PER- AND POLYFLUOROALKYL SUBSTANCES (PFAS) (sum of constituents listed below),SDISCO,,MassDEP database,42.3977739,-71.5175673
2-0020923,HUDSON,308 CHESTNUT STREET,CHESTNUT STREET PFAS,2019-06-17,PER- AND POLYFLUOROALKYL SUBSTANCES (PFAS) (sum of constituents listed below),SDISCO,,MassDEP database,42.379916,-71.5125197
2-0020964,AYER,SPECTACLE POND ROAD,SPECTICAL POND WELL,2018-03-01,PER- AND POLYFLUOROALKYL SUBSTANCES (PFAS) (sum of constituents listed below),SDISCO,,MassDEP database,42.5526169,-71.5288637
2-0021022,CLINTON,80 CHURCH STREET,CLINTON FIRE DEPARTMENT,2020-03-23,PER- AND POLYFLUOROALKYL SUBSTANCES (PFAS) (sum of constituents listed below),TIER1D,,MassDEP database,42.4189617,-71.6875722
2-0021045,STOW,664 SUDBURY RD,MA DFS FIREFIGHTING ACADEMY,2019-10-24,PFOS,TIERI,,MassDEP database,42.39522,-71.4762
2-0021072,PRINCETON,6 TOWN HALL RD,IMPACTED WATER SUPPLIES - PRINCETON,2019-11-04,PER- AND POLYFLUOROALKYL SUBSTANCES (PFAS) (sum of constituents listed below),TIERI,,MassDEP database,42.44979,-71.87858
2-0021075,STOW,16 CRESCENT ST,FMR FIRE STATION,2019-10-01,PFAS,TIERI,,2021 list only,42.43756,-71.50553
2-0021116,STOW,501 GLEASONDALE ROAD,GLEASONDALE MILL,2020-02-14,PER- AND POLYFLUOROALKYL SUBSTANCES (PFAS) (sum of constituents listed below),TIERI,,MassDEP database,42.40635,-71.52526
2-0021224,MILLIS,WATER STREET,MILLIS PUBLIC WATER SUPPLY WELL #2,2020-04-30,PER- AND POLYFLUOROALKYL SUBSTANCES (PFAS) (sum of constituents listed below),SDISCO,,MassDEP database,42.171237,-71.3554575
2-0021349,LITTLETON,149 AYER ROAD,AGGREGATE INDUSTRIES QUARRY,2020-09-18,PER- AND POLYFLUOROALKYL SUBSTANCES (PFAS) (sum of constituents listed below),TMPS,,MassDEP database,42.55056,-71.52579
2-0021373,LITTLETON,BENNETT BROOK,LITTELTON LANDFILL,2020-10-14,PFAS,ADQREG,,2021 list only,,
2-0021383,HOLDEN,752 Main St,"HHC REALTY, LLC",2020-10-22,PER- AND POLYFLUOROALKYL SUBSTANCES (PFAS) (sum of constituents listed below),DPS,,MassDEP database,,
2-0021446,LANCASTER,0 SHIRLEY ROAD,MCI NEAR WATER SUPPLY WELL 2270001-02G,2020-12-29,PERFLUROHEXANSULFONIC ACID PFHXS,,,2021 list only,42.5229818,-71.6407774
2-0021455,MILLIS,60 CURVE STREET,FORMER GAF FACILITY,2021-01-08,PER- AND POLYFLUOROALKYL SUBSTANCES (PFAS) (sum of constituents listed below); PERFLUORODECANOIC ACID (PFDA); PERFLUORONONANOIC ACID (PFNA),TIERI,,MassDEP database,42.17204,-71.35451
2-0021523,MILLIS,114 UNION STREET,FORMER GARAGE,2021-04-02,PER- AND POLYFLUOROALKYL SUBSTANCES (PFAS) (sum of constituents listed below),TIERI,2-0021523,MassDEP database,42.17204,-71.3521
2-0021541,STOW,688 GREAT RD,BOSE FACILITY,2021-04-16,PER- AND POLYFLUOROALKYL SUBSTANCES (PFAS) (sum of constituents listed below),PSNC,,MassDEP database,42.43355,-71.54225
2-0021549,BOXBOROUGH,29 MIDDLE ROAD,BOXBOROUGH TOWN HALL,2021-04-21,PER- AND POLYFLUOROALKYL SUBSTANCES (PFAS) (sum of constituents listed below),SDISCO,,MassDEP database,42.4828911,-71.5137255
2-0021550,MILLBURY,OAK POND AVENUE,OAK POND WELL,2021-02-16,PER- AND POLYFLUOROALKYL SUBSTANCES (PFAS) (sum of constituents listed below),SDISCO,,MassDEP database,42.2271203,-71.7569645
2-0021551,DUDLEY,75 SCHOFIELD AVENUE,DUDLEY GP WELL NO.3,2020-12-01,PER- AND POLYFLUOROALKYL SUBSTANCES (PFAS) (sum of constituents listed below),SDISCO,,MassDEP database,42.0401024,-71.8906657
2-0021552,WORCESTER,NO ADDRESS,CERO PFAS TECHNICAL ASSISTANCE CONTRACT,2020-10-13,PFAS,,,2021 list only,,
2-0021557,BOXBOROUGH,NEAR 30 MIDDLE ROAD,BOXBOROUGH TOWN CENTER,2022-04-12,PER- AND POLYFLUOROALKYL SUBSTANCES (PFAS) (sum of constituents listed below),TIER1D,,MassDEP database,42.4829524,-71.5142468
2-0021558,ACTON,549 MAIN STREET,CONANT PWS WELLS I AND II,2021-04-29,PER- AND POLYFLUOROALKYL SUBSTANCES (PFAS) (sum of constituents listed below),SDISCO,,MassDEP database,42.4916769,-71.422377
2-0021571,PEPPERELL,30 Emerson Cir,NASHUA ROAD WELL 05G,2021-03-24,PER- AND POLYFLUOROALKYL SUBSTANCES (PFAS) (sum of constituents listed below),SDISCO,,MassDEP database,42.7020205,-71.5562864
2-0021573,AYER,90 NEMCO WAY,"L3 ESSCO, INC.",2021-05-17,PFAS,,,2021 list only,,
2-0021592,TOWNSEND,25 Harbor Trace Rd,HARBOR TRACE WELL,2021-06-03,PER- AND POLYFLUOROALKYL SUBSTANCES (PFAS) (sum of constituents listed below),SDISCO,,MassDEP database,42.646106,-71.6698534
2-0021682,WORCESTER,115 North East Cutoff,FORMER ALLEGRO MICROSYSTEMS,2021-09-02,PER- AND POLYFLUOROALKYL SUBSTANCES (PFAS) (sum of constituents listed below),TMPS,,MassDEP database,42.30774,-71.76641
2-0021721,PRINCETON,30 MOUNTAIN ROAD,30 MOUNTAIN ROAD,2021-09-27,PERFLUOROHEXANESULFONIC ACID (PFHxS); PERFLUOROOCTANESULFONIC ACID (PFOS); PERFLUOROOCTANOIC ACID (PFOA),TIER1D,,MassDEP database,42.4516341,-71.8789117
2-0021744,DUDLEY,7 INDIAN RD,DUDLEY SANITARY LANDFILL,2021-10-27,PER- AND POLYFLUOROALKYL SUBSTANCES (PFAS) (sum of constituents listed below),TIERI,,MassDEP database,42.03552,-71.91138
2-0021768,BOXBOROUGH,SWANSON ROAD,SWANSON RD AND BEAVER BROOK RD AREA PFAS,2021-11-18,PER- AND POLYFLUOROALKYL SUBSTANCES (PFAS) (sum of constituents listed below),SDISCO,,MassDEP database,42.4974986,-71.5428893
2-0021796,PRINCETON,54 MOUNTAIN ROAD,54 MOUNTAIN ROAD,2021-12-07,PERFLUOROOCTANESULFONIC ACID (PFOS); PERFLUOROOCTANOIC ACID (PFOA),TIER1D,,MassDEP database,42.4544881,-71.8802879
2-0021797,PRINCETON,22 MOUNTAIN ROAD,22 MOUNTAIN ROAD,2021-12-07,PERFLUOROHEPTANOIC ACID (PFHpA); PERFLUOROOCTANESULFONIC ACID (PFOS); PERFLUOROOCTANOIC ACID (PFOA),TIER1D,,MassDEP database,42.4509065,-71.878323
2-0021798,LITTLETON,55 RUSSELL ST,LITTLETON MIDDLE SCHOOL,2021-12-08,PER- AND POLYFLUOROALKYL SUBSTANCES (PFAS) (sum of constituents listed below),TMPS,2-0021798,MassDEP database,42.5429,-71.48441
2-0021812,STOW,GARNER ROAD,TAYLOR ROAD AND GARNER ROAD AREA,2021-12-22,PER- AND POLYFLUOROALKYL SUBSTANCES (PFAS) (sum of constituents listed below),SDISCO,,MassDEP database,42.4625799,-71.5406711
2-0021819,LUNENBURG,110 BURRAGE ST,PFAS SRM AT RESIDENTIAL PROPERTIES,2021-12-30,PER- AND POLYFLUOROALKYL SUBSTANCES (PFAS) (sum of constituents listed below),TIER1D,,MassDEP database,42.5754337,-71.6986543
2-0021840,MENDON,28 HASTING ST,COMMERCIAL PROPERTY AT 28 HASTINGS ST,2022-01-21,PER- AND POLYFLUOROALKYL SUBSTANCES (PFAS) (sum of constituents listed below),SDISCO,,MassDEP database,42.1035522,-71.5569731
2-0021866,WESTMINSTER,65 Bean Porridge Hill Road,MASS. NATURAL FERTILIZER CO.,2022-03-15,PER- AND POLYFLUOROALKYL SUBSTANCES (PFAS) (sum of constituents listed below),TIERI,2-0021866,MassDEP database,42.5816,-71.8752
2-0021885,LITTLETON,55 WHITE ST,CONCORD LUMBER CORPORATION,2022-03-16,PER- AND POLYFLUOROALKYL SUBSTANCES (PFAS) (sum of constituents listed below),DPS,,MassDEP database,42.54744,-71.47772
2-0021891,WORCESTER,717 PLANTATION STREET,SAINT GOBAIN PERFORMANCE PLASTICS CORP.,2022-03-22,PER- AND POLYFLUOROALKYL SUBSTANCES (PFAS) (sum of constituents listed below),TMPS,,MassDEP database,42.30075,-71.76308
2-0021957,AYER,11 WILLOW ROAD,PARMALEES LLC,2022-05-18,PERFLUOROHEPTANOIC ACID (PFHpA); PERFLUOROHEXANESULFONIC ACID (PFHxS); PERFLUOROOCTANESULFONIC ACID (PFOS); PERFLUOROOCTANOIC ACID (PFOA),DPS,,MassDEP database,42.5574266,-71.5404907
2-0021961,GROTON,703 CHICOPEE ROW,GROTON-DUNSTABLE REGIONAL HIGH SCHOOL,2022-05-20,PER- AND POLYFLUOROALKYL SUBSTANCES (PFAS) (sum of constituents listed below),TIERI,,MassDEP database,42.65276,-71.53702
2-0021974,BOLTON,100 WATTAQUADOCK HILL ROAD,NASHOBA VALLEY WINERY PROPERTY,2022-06-10,PER- AND POLYFLUOROALKYL SUBSTANCES (PFAS) (sum of constituents listed below),SDISCO,,MassDEP database,42.4302477,-71.6163825
2-0021978,SUTTON,79 WORCESTER PROVIDENCE TURNPI,FORMER AUTO SALVAGE YARD,2022-06-15,PER- AND POLYFLUOROALKYL SUBSTANCES (PFAS) (sum of constituents listed below),TIERI,,MassDEP database,42.16881,-71.74709
2-0021995,NORFOLK,111 DEDHAM STREET,SOUTHWOOD HOSPITAL DISPOSAL AREA,2022-08-15,PER- AND POLYFLUOROALKYL SUBSTANCES (PFAS) (sum of constituents listed below),RTNCLOSED,2-3001694,MassDEP database,42.09655,-71.28897
2-0022020,FITCHBURG,0 AIRPORT ROAD,UNDEVELOPED LAND,2022-07-28,PER- AND POLYFLUOROALKYL SUBSTANCES (PFAS) (sum of constituents listed below),TIER1D,,MassDEP database,42.566597,-71.769456
2-0022034,AYER,211 WEST MAIN STREET,FORMER DRY CLEANERS,2022-08-10,PFAS 6,TIERI,,MassDEP database,42.55486,-71.60553
2-0022042,DUDLEY,420 WEST MAIN STREET,PFAS6 DETECTION IS PRIVATE WELLS,2022-08-16,PER- AND POLYFLUOROALKYL SUBSTANCES (PFAS) (sum of constituents listed below),TIERI,,MassDEP database,42.02698,-71.94144
2-0022054,STOW,HARVARD ROAD,HARVARD ROAD AREA,2022-08-25,PER- AND POLYFLUOROALKYL SUBSTANCES (PFAS) (sum of constituents listed below),TIER1D,,MassDEP database,42.4467658,-71.5334213
2-0022097,PEPPERELL,45 LOWELL ROAD,MONITORING WELL MW-3,2022-09-30,PER- AND POLYFLUOROALKYL SUBSTANCES (PFAS) (sum of constituents listed below); PERFLUOROOCTANESULFONIC ACID (PFOS),TIERI,,MassDEP database,42.56846,-71.77843
2-0022119,DUDLEY,183 West MAIN ST.,GENTEX OPTICS FACILITY,2022-10-20,PER- AND POLYFLUOROALKYL SUBSTANCES (PFAS) (sum of constituents listed below),TIERI,,MassDEP database,42.03914,-71.91016
2-0022152,DUDLEY,38 ROBERTS ROAD,MACE POLYMERS,2022-11-14,PER- AND POLYFLUOROALKYL SUBSTANCES (PFAS) (sum of constituents listed below),RTNCLOSED,2-0022046,MassDEP database,42.0269078,-71.9683064
2-0022156,PHILLIPSTON,NEAR 20 THE COMMON,PHILLIPSTON MEMORIAL WELL 2235002,2022-11-21,PER- AND POLYFLUOROALKYL SUBSTANCES (PFAS) (sum of constituents listed below),SDISCO,,MassDEP database,42.5486899,-72.1338796
2-0022174,HOPKINTON,45 East St,METROWEST YMCA,2022-12-20,PER- AND POLYFLUOROALKYL SUBSTANCES (PFAS) (sum of constituents listed below),SDISCO,,MassDEP database,42.227782,-71.4697977
2-0022178,MEDFIELD,527 Main St,PFAS RELEASE,2022-12-22,PER- AND POLYFLUOROALKYL SUBSTANCES (PFAS) (sum of constituents listed below),RTNCLOSED,2-3015514,MassDEP database,,
2-0022225,MILFORD,19 Birch St,BIRCH STREET PLACE,2023-02-14,PER- AND POLYFLUOROALKYL SUBSTANCES (PFAS) (sum of constituents listed below),DPS,,MassDEP database,,
2-0022227,HOPKINTON,SADDLE HILL ROAD,SADDLE HILL ROAD AREA,2023-02-08,PER- AND POLYFLUOROALKYL SUBSTANCES (PFAS) (sum of constituents listed below),SDISCO,,MassDEP database,42.2604645,-71.5546212
2-0022264,MILFORD,19 Birch St,"MILFORD AVALON, INC",2023-03-03,PER- AND POLYFLUOROALKYL SUBSTANCES (PFAS) (sum of constituents listed below),DPS,,MassDEP database,,
2-0022280,NORTHBOROUGH,170 Bartlett St,MONITORING WELL MW-10M,2023-04-07,PER- AND POLYFLUOROALKYL SUBSTANCES (PFAS) (sum of constituents listed below),TIERII,2-0022280,MassDEP database,42.31972,-71.61138
2-0022282,HOLDEN,85 Industrial Dr,AVIENT FACILITY,2023-04-18,PER- AND POLYFLUOROALKYL SUBSTANCES (PFAS) (sum of constituents listed below),TIERII,,MassDEP database,42.33848,-71.84286
2-0022286,DUDLEY,OFF FISH ROAD,FISH ROAD RECLAMATION PROJECT,2023-05-02,PER- AND POLYFLUOROALKYL SUBSTANCES (PFAS) (sum of constituents listed below),DPS,,MassDEP database,42.03882,-71.96812
2-0022305,CHARLTON,54 Flint Road,CHARLTON LANDFILL,2023-05-03,PER- AND POLYFLUOROALKYL SUBSTANCES (PFAS) (sum of constituents listed below),TIERI,2-0022305,MassDEP database,42.12016,-71.97583
2-0022327,NORTHBOROUGH,200 Bartlett St,FORMER BAY STATE CIRCUITS,2023-05-26,PER- AND POLYFLUOROALKYL SUBSTANCES (PFAS) (sum of constituents listed below),TIERII,2-0022327,MassDEP database,42.31955,-71.60982
2-0022348,GRAFTON,NEAR 44 Old Upton Rd,OLD UPTON ROAD AREA,2023-06-16,PER- AND POLYFLUOROALKYL SUBSTANCES (PFAS) (sum of constituents listed below),SDISCO,,MassDEP database,42.1975872,-71.677029
2-0022386,BOXBOROUGH,159 Swanson Rd,BUILDING,2023-07-14,PER- AND POLYFLUOROALKYL SUBSTANCES (PFAS) (sum of constituents listed below),TIERI,,MassDEP database,42.49192,-71.54406
2-0022392,LITTLETON,256 Ayer Rd,RETAIL GAS STATION,2023-07-21,PER- AND POLYFLUOROALKYL SUBSTANCES (PFAS) (sum of constituents listed below),TIERI,,MassDEP database,42.55159,-71.53617
2-0022444,DOUGLAS,120R Gilboa St,FORMER HAYWARD-SCHUSTER WOOLEN MILL,2023-09-20,PERFLUOROOCTANESULFONIC ACID (PFOS),PSC,,MassDEP database,42.08661,-71.69985
2-0022447,CHARLTON,17 Griffin Rd,CONSTRUCTION BUILDING,2023-09-22,PER- AND POLYFLUOROALKYL SUBSTANCES (PFAS) (sum of constituents listed below),TIERI,,MassDEP database,42.14591,-71.99865
2-0022510,CHARLTON,17 Griffin Rd,SCALE HOUSE,2023-11-20,PER- AND POLYFLUOROALKYL SUBSTANCES (PFAS) (sum of constituents listed below),TIERI,2-0022510,MassDEP database,42.14562,-72.00057
2-0050156,MILFORD,21 Birch Street,MILFORD FIRE DEPARTMENT,2024-05-07,PER- AND POLYFLUOROALKYL SUBSTANCES (PFAS) (sum of constituents listed below),TIERI,2-0050156,MassDEP database,42.14409,-71.49488
2-0050242,STOW,136 Packard Road,PACKARD ROAD AREA,2024-05-14,PFAS6,TIER1D,,MassDEP database,,
2-0050507,DUDLEY,Off Fish Rd,OFF FISH ROAD; RAMPCO,2024-07-19,PFAS,DPS,,MassDEP database,,
2-0050708,SOUTHBRIDGE,165 Barefoot Rd,"LANDFILL, 165 BAREFOOT RD; CASELLA",2024-08-16,PFAS-6,TIER1D,,MassDEP database,,
2-0050712,ACTON,"104 Powdermill Rd, Rear of property",104 POWDERMILL RD REAR; 120-DAY,2024-08-21,PFAS6,TIERI,,MassDEP database,,
2-0050999,CHARLTON,184 Berry Corner Road,BERRY CORNER ROAD; CASELLA,2024-10-22,PER- AND POLYFLUOROALKYL SUBSTANCES (PFAS) (sum of constituents listed below),TIER1D,,MassDEP database,,
2-0051092,WESTMINSTER,Near West Princeton Rd,WEST PRINCETON ROAD AREA,2024-11-19,PER- AND POLYFLUOROALKYL SUBSTANCES (PFAS) (sum of constituents listed below),SDISCO,,MassDEP database,,
2-0051129,WINCHENDON,Near 875 Spring St,875 SPRING ST; PLH VINEYARD SKY LLC,2024-11-29,PERFLUORODECANOIC ACID (PFDA); PERFLUOROHEXANESULFONIC ACID (PFHxS); PERFLUORONONOIC ACID (PFNA); PERFLUOROOCTANESULFONIC ACID (PFOS); PERFLUOROOCTANOIC (PFOA),TIER1D,,MassDEP database,,
2-0051244,DUDLEY,6 Intervale Road,INTERVALE ROAD AREA,2025-01-02,PER- AND POLYFLUOROALKYL SUBSTANCES (PFAS) (sum of constituents listed below),SDISCO,,MassDEP database,,
2-0051508,WESTMINSTER,Near Oakmont Ave,OAKMONT AVENUE AREA,2025-03-04,PER- AND POLYFLUOROALKYL SUBSTANCES (PFAS) (sum of constituents listed below),TIER1D,,MassDEP database,,
2-0051706,MILFORD,213 Central Street,213 CENTRAL ST; URETEK; 120-DAY,2025-04-20,PFAS-6,TIERI,2-0051706,MassDEP database,,
2-0051802,HOLDEN,1 Salisbury Street,1 SALISBURY ST; SUNNYSIDE MOTORS,2025-05-08,PFAS-6,TIERI,,MassDEP database,,
2-0051931,HOLDEN,944 Main Street,944 MAIN ST; SUNNYSIDE MOTORS,2025-05-29,PER- AND POLYFLUOROALKYL SUBSTANCES (PFAS) (sum of constituents listed below),TIERI,,MassDEP database,,
2-0052059,MEDFIELD,45 Hospital Road,FORMER MEDFIELD STATE HOSPITAL; DCAMM,2025-06-25,PER- AND POLYFLUOROALKYL SUBSTANCES (PFAS) (sum of constituents listed below),UNCLSS,,MassDEP database,,
2-0052385,HARVARD,47 Depot Road,HARVARD LANDFILL; TOWN OF HARVARD,2025-09-11,PER- AND POLYFLUOROALKYL SUBSTANCES (PFAS) (sum of constituents listed below),UNCLSS,,MassDEP database,,
2-0052407,HOLDEN,18 Industrial Drive,18 INDUSTRIAL DR; TOWN; PFAS,2025-09-03,PFAS-6,UNCLSS,,MassDEP database,,
2-0053009,UXBRIDGE,558 Hazel St,558 HAZEL ST; TOWN OF UXBRIDGE,2026-01-20,PER- AND POLYFLUOROALKYL SUBSTANCES (PFAS) (sum of constituents listed below),UNCLSS,,MassDEP database,,
2-0053023,SUTTON,194 Stone School Rd,194 STONE SCHOOL RD; TOWN OF SUTTON,2026-01-23,PFAS-6,UNCLSS,,MassDEP database,,
2-0053315,WESTBOROUGH,336 TURNPIKE ROAD,336 TURNPIKE RD; Ryan Development,2026-04-08,TOTAL PFAS (MA6),UNCLSS,,MassDEP database,,
2-0053456,BOXBOROUGH,31 Fifers Ln,PFAS6 IN A PRIVATE WELL,2026-05-09,PER- AND POLYFLUOROALKYL SUBSTANCES (PFAS) (sum of constituents listed below),UNCLSS,,MassDEP database,,
3-0013311,WALTHAM,175 WYMAN ST,UTM 4696698 N 314255 E,1996-01-05,PER- AND POLYFLUOROALKYL SUBSTANCES (PFAS) (sum of constituents listed below),REMOPS,3-0013311,MassDEP database,42.4025038,-71.2572791
3-0036118,BEVERLY,L. P. HENDERSON ROAD,BEVERLY AIRPORT,2020-01-30,PER AND POLYFLUOROALKYL SUBSTANCES (PFAS); PERFLUOROHEXANESULFONIC ACID (PFHXS); PERFLUOROOCTANESULFONIC ACID (PFOS),TIERII,,MassDEP database,42.58627,-70.91326
3-0036210,WALTHAM,341 SECOND AVENUE,341 SECOND AVENUE,2020-03-23,PFOS,,,2021 list only,,
3-0036245,CHELMSFORD,1 BILLERICA ROAD,COMMERCIAL PROPERTY,2020-05-07,PFAS,DPS,,MassDEP database,,
3-0036649,CHELMSFORD,54 RICHARDSON ROAD,CHELMSFORD DEPT OF PUBLIC WORKS PROPERTY,2020-12-11,POLYFLUOROALKYL SUBSTANCE (PFAS),TIERI,,MassDEP database,42.62867,-71.3774
3-0036695,BOSTON,941 BOYLSTON STREET,BOSTON FIRE DEPARTMENT FIREHOUSE,2021-01-27,PFHXS; PFOA; PFOS,PSNC,3-0036498,MassDEP database,42.3481196,-71.0855576
3-0036772,BURLINGTON,ONE NETWORK DRIVE,RCA CORP FMR,2021-03-12,TOTAL PFAS,TMPS,3-0000265,MassDEP database,42.02954,-71.0144
3-0036774,NATICK,22 PLEASANT STREET SOUTH,22 PLEASANT STREET LLC,2021-03-19,PFAS 6,DPS,,MassDEP database,,
3-0036880,BURLINGTON,3 VAN DE GRAAFF DR,FMR HIGH VOLTAGE ENG COPR/BELLOFRAM SITE,2021-06-08,TOTAL PFAS,TIERI,,MassDEP database,42.48134,-71.19852
3-0036899,NEWBURYPORT,9 OPPORTUNITY WAY,INDUSTRIAL PROPERTY,2021-06-11,POLYFLUOROALKYL SUBSTANCE (PFAS),PSNC,,MassDEP database,42.80339,-70.89004
3-0036925,WILMINGTON,25 UPTON DRIVE,25 UPTON DRIVE,2021-07-02,PFAS,TIERI,3-0036925,MassDEP database,42.59358,-71.15033
3-0036926,WILMINGTON,226 ANDOVER STREET,226 ANDOVER,2021-07-02,PFAS,TIERI,,MassDEP database,42.59311,-71.14844
3-0037006,MIDDLETON,272 NORTH MAIN STREET,PROLERIZED NEW ENGLAND DISPOSAL SITE,2021-07-30,PER- AND POLYFLUOROALKYL SUBSTANCES (PFAS) (sum of constituents listed below),TIERI,,MassDEP database,42.59297,-71.01455
3-0037062,BEDFORD,200 HANSCOM DRIVE,HANSCOM- CIVIL AIR TERMINAL - EAST RAMP,2021-09-14,PFAS,TIERI,,MassDEP database,42.46525,-71.27752
3-0037278,WAYLAND,484-490 BOSTON POST ROAD,RIVER'S EDGE DEVELOPMENT,2022-02-08,PFAS,DPS,,MassDEP database,,
3-0037345,WAYLAND,484-490 BOSTON POST ROAD,BOSTON POST ROAD,2022-02-18,PFAS,DEPNFA,,MassDEP database,42.3632731,-71.3828919
3-0037366,TYNGSBOROUGH,6 SKYLINE DRIVE,RESIDENTIAL PROPERTY,2022-02-23,PFAS,NONREP,,MassDEP database,42.637671,-71.4655969
3-0037495,TYNGSBOROUGH,22 ANDERSON DRIVE,RESIDENTIAL PROPERTY,2022-04-22,PFAS,SDISCO,,MassDEP database,42.6391829,-71.4622898
3-0037614,WINCHESTER,1 LOWELL AVENUE,LITHO-CRAFT,2022-08-09,PERFLUORODECANOIC ACID; PERFLUORONONANOIC ACID; PERFLUOROOCTANE SULFONIC ACID; PERFLUOROOCTANOIC ACID,PSNC,,MassDEP database,,
3-0037690,WAYLAND,412 COMMONWEALTH ROAD,LOKER FIELD SOIL REMOVAL AREA,2022-08-18,PERFLUORODECANOIC ACID; PERFLUORONONANOIC ACID; PERFLUOROOCTANESULFONIC ACID; PERFLUOROOCTANOIC ACID,PSC,,MassDEP database,42.3260814,-71.3430685
3-0037715,WILMINGTON,175 LOWELL STREET,WILMINGTON LOWELL OWNER LLC,2022-09-22,PER AND POLYFLUOROALKYL SUBSTANCES (PFAS),DPS,,MassDEP database,,
3-0037750,WAYLAND,195 MAIN STREET,FORMER WAYLAND DPW,2022-11-01,TOTAL PFAS,TIERI,,MassDEP database,42.32458,-71.36391
3-0037888,BOXFORD,IPSWICH ROAD,IN FRONT OF 461 IPSWICH ROAD,2022-12-16,PERFLUOROHEPTANOIC ACID (PFHPA),RTNCLOSED,3-0037579,MassDEP database,,
3-0037915,WILMINGTON,760 MAIN STREET,760 MAIN STREET,2023-01-18,PFAS,TMPS,,MassDEP database,42.53307,-71.15886
3-0037989,LYNNFIELD,163 LOWELL STREET,RESIDENTIAL/COMMERCIAL PROPERTIES,2023-02-16,PFAS,DPS,,MassDEP database,,
3-0038132,SALEM,373 Highland Ave,"LOTS 300B, 308B",2023-05-16,PERFLUOROHEXANESULFONIC ACID (PFHxS); PERFLUOROOCTANESULFONIC ACID (PFOS),TIERI,3-0038132,MassDEP database,42.49754,-70.92911
3-0038158,CHELMSFORD,270 BILLERICA ROAD,BILLERICA ROAD,2023-06-02,PER- AND POLYFLUOROALKYL SUBSTANCES (PFAS) (sum of constituents listed below),DPS,,MassDEP database,,
3-0038210,SALEM,16 Barnes Rd,MULTIPLE PARCELS,2023-07-19,PERFLUOROHEXANESULFONIC ACID (PFHxS); PERFLUOROOCTANESULFONIC ACID (PFOS); PERFLUOROOCTANOIC ACID (PFOA),TIERI,3-0038210,MassDEP database,42.49726,-70.92872
3-0038442,LYNNFIELD,598 SALEM STREET,LYNNFIELD SOUTH FIRE STATION,2023-11-03,PFDA; PFHXS; PFNA; PFOS,TIERII,,MassDEP database,42.51515,-71.01199
3-0038474,BILLERICA,ROUTE 3 NORTH @ MM 79.6,ROUTE 3 NORTH AT MILE MARKER 79.6,2023-11-15,PER- AND POLYFLUOROALKYL SUBSTANCES (PFAS) (sum of constituents listed below),TIERI,,MassDEP database,42.57956,-71.30722
3-0050101,TYNGSBOROUGH,150 Westford Road,HISTORICAL DISPOSAL SITE RTN 3-35999,2024-04-19,PER- AND POLYFLUOROALKYL SUBSTANCES (PFAS) (sum of constituents listed below),RTNCLOSED,3-0035999,MassDEP database,,
3-0050616,WESTFORD,Doris Road,DORIS ROAD AREA,2024-08-07,PFAS,SDISCO,,MassDEP database,,
3-0050618,WESTFORD,Keyes Road,KEYES ROAD AREA,2024-08-07,PFAS,SDISCO,,MassDEP database,,
3-0050619,WESTFORD,Grey Fox Lane,GREY FOX LANE AREA,2024-08-07,PFAS,SDISCO,,MassDEP database,,
3-0050620,WESTFORD,Leland Road,LELAND ROAD AREA,2024-08-07,PFAS,SDISCO,,MassDEP database,,
3-0050664,NORTH ANDOVER,492 SUTTON STREET,LAWRENCE MUNICIPAL AIRPORT,2024-07-26,pfoa; pfos,PSNC,,MassDEP database,,
3-0050759,CHELMSFORD,10 HILDRETH STREET,RESIDENCE,2024-08-27,PFAS6,SDISCO,,MassDEP database,,
3-0050848,CHELMSFORD,275 Billerica Road,"FORMER ELECTROMETALS, INC.",2024-09-10,PERFLUOROHEXANESULFONIC ACID (PFHxS); PERFLUOROOCTANESULFONIC ACID (PFOS); PERFLUOROOCTANOIC ACID (PFOA); TOTAL PERFLUOROCARBONS,TIERI,,MassDEP database,,
3-0050985,CHELMSFORD,279 Billerica Road,3M COMPANY,2024-10-17,PER- AND POLYFLUOROALKYL SUBSTANCES (PFAS) (sum of constituents listed below); PERFLUOROOCTANESULFONIC ACID (PFOS); PERFLUOROOCTANOIC ACID (PFOA),TIERI,3-0050985,MassDEP database,,
3-0051248,MIDDLETON,131 East Street,PETER RUBCHINUK LANDFILL,2025-01-02,PER- AND POLYFLUOROALKYL SUBSTANCES (PFAS) (sum of constituents listed below),ADQREG,,MassDEP database,,
3-0051366,BEDFORD,70 CHENNAULT STREET,HANSCOM AFB BLDG. 1642 (CURRENT LRS),2025-02-04,PERFLUOROOCTANESULFONIC ACID (PFOS),ADQREG,,MassDEP database,,
3-0051398,WESTFORD,Providence Road,PROVIDENCE RD AREA,2025-02-11,PER- AND POLYFLUOROALKYL SUBSTANCES (PFAS) (sum of constituents listed below),SDISCO,,MassDEP database,,
3-0051400,WOBURN,1071 MAIN STREET,UNKNOWN,2025-02-05,PER- AND POLYFLUOROALKYL SUBSTANCES (PFAS) (sum of constituents listed below),TIER1D,,MassDEP database,,
3-0051402,BEDFORD,3 ROBINS STREET,HANSCOM AFB - BUILDING #1721,2025-02-10,PER- AND POLYFLUOROALKYL SUBSTANCES (PFAS) (sum of constituents listed below); PERFLUOROHEXANESULFONIC ACID (PFHxS); PERFLUOROOCTANESULFONIC ACID (PFOS),ADQREG,,MassDEP database,,
3-0051530,MIDDLETON,Hilldale Avenue,RESIDENCES ALONG HILLDALE AVE,2025-03-07,PER- AND POLYFLUOROALKYL SUBSTANCES (PFAS) (sum of constituents listed below),ADQREG,,MassDEP database,,
3-0051563,METHUEN,30 RAILROAD AVENUE,VACANT LOT - TAX MAP 716 LOT 16,2025-03-13,PERFLUOROOCTANESULFONIC ACID (PFOS),PSC,,MassDEP database,,
3-0051681,BEDFORD,45 CROSBY DRIVE,45 CROSBY DRIVE,2025-04-11,PER- AND POLYFLUOROALKYL SUBSTANCES (PFAS) (sum of constituents listed below),DPS,,MassDEP database,,
3-0051744,BEDFORD,Near Carlisle Rd & Old Causeway Rd,CARLISLE RD AND OLD CAUSEWAY ROAD,2025-04-29,PER- AND POLYFLUOROALKYL SUBSTANCES (PFAS) (sum of constituents listed below),SDISCO,,MassDEP database,,
3-0052204,WESTWOOD,637 HIGH STREET,WESTWOOD FIRE DEPARTMENT,2025-07-21,PER- AND POLYFLUOROALKYL SUBSTANCES (PFAS) (sum of constituents listed below); PERFLUORODECANOIC ACID (PFDA); PERFLUOROHEPTANOIC ACID (PFHpA); PERFLUOROHEXANESULFONIC ACID (PFHxS); PERFLUORONONANOIC ACID (PFNA); PERFLUOROOCTANESULFONIC ACID (PFOS); PERFLUOROOCTANOIC ACID (PFOA),UNCLSS,,MassDEP database,,
3-0052288,SALEM,14 Cedar Road,14 CEDAR ROAD,2025-08-06,PER- AND POLYFLUOROALKYL SUBSTANCES (PFAS) (sum of constituents listed below),UNCLSS,,MassDEP database,,
3-0052289,SALEM,373 Highland Avenue,373 HIGHLAND AVE LOT 300B,2025-08-06,PER- AND POLYFLUOROALKYL SUBSTANCES (PFAS) (sum of constituents listed below),UNCLSS,,MassDEP database,,
3-0052328,WESTWOOD,30 PERWAL STREET,COMMERCIAL PROPERTY,2025-08-15,PER- AND POLYFLUOROALKYL SUBSTANCES (PFAS) (sum of constituents listed below),DPS,,MassDEP database,,
3-0052379,CHELMSFORD,295 Acton Road,FIRE STATION #5,2025-08-28,PER- AND POLYFLUOROALKYL SUBSTANCES (PFAS) (sum of constituents listed below),UNCLSS,,MassDEP database,,
3-0052399,MIDDLETON,Near Belleview Ave,BELLEVIEW AVE AREA,2025-09-03,PER- AND POLYFLUOROALKYL SUBSTANCES (PFAS) (sum of constituents listed below),SDISCO,,MassDEP database,,
3-0052418,CARLISLE,,CHURCH ST AREA,2025-09-05,PER- AND POLYFLUOROALKYL SUBSTANCES (PFAS) (sum of constituents listed below),SDISCO,,MassDEP database,,
3-0052427,BILLERICA,100 CHELMSFORD ROAD,GEARTRONICS,2025-09-05,PER- AND POLYFLUOROALKYL SUBSTANCES (PFAS) (sum of constituents listed below),RTNCLOSED,3-0002725,MassDEP database,,
3-0052628,HAVERHILL,108 Plaistow Rd,STATELINE PLAZA,2025-10-21,PER- AND POLYFLUOROALKYL SUBSTANCES (PFAS) (sum of constituents listed below); PERFLUOROOCTANOIC ACID (PFOA),UNCLSS,,MassDEP database,,
3-0052775,WAYLAND,311 BOSTON POST ROAD,COMMERCIAL PROPERTY,2025-11-19,PER- AND POLYFLUOROALKYL SUBSTANCES (PFAS) (sum of constituents listed below),UNCLSS,,MassDEP database,,
3-0052776,WAYLAND,297 BOSTON POST ROAD,COMMERCIAL PROPERTY,2025-11-19,PER- AND POLYFLUOROALKYL SUBSTANCES (PFAS) (sum of constituents listed below),UNCLSS,,MassDEP database,,
3-0052890,CHELMSFORD,260 OLD WESTFORD ROAD,CHELMSFORD FIRE STATION #3,2025-12-15,PER- AND POLYFLUOROALKYL SUBSTANCES (PFAS) (sum of constituents listed below),UNCLSS,,MassDEP database,,
3-0052993,TOPSFIELD,Wilmor Rd,WILMOR ROAD,2025-12-31,PER- AND POLYFLUOROALKYL SUBSTANCES (PFAS) (sum of constituents listed below),UNCLSS,,MassDEP database,,
3-0053072,MELROSE,204 TREMONT STREET,MELROSE ENGINE 2,2026-02-10,PERFLUOROHEPTANOIC ACID (PFHpA); PERFLUOROHEXANESULFONIC ACID (PFHxS); PERFLUORONONANOIC ACID (PFNA); PERFLUOROOCTANESULFONIC ACID (PFOS); PERFLUOROOCTANOIC ACID (PFOA),UNCLSS,,MassDEP database,,
3-0053434,TEWKSBURY,73 HILLMAN STREET,HILLMAN ENERGY CENTER,2026-05-04,PER- AND POLYFLUOROALKYL SUBSTANCES (PFAS) (sum of constituents listed below),UNCLSS,,MassDEP database,,
4-0000268,CARVER,OFF RTE 58,NORTH CARVER LANDFILL,1987-04-03,PER- AND POLYFLUOROALKYL SUBSTANCES (PFAS) (sum of constituents listed below),ADQREG,,MassDEP database,,
4-0026179,BARNSTABLE,155 SOUTH FLINT ROCK ROAD,BARNSTABLE COUNTY FIRE TRAINING ACADEMY,2016-08-04,PFOS,TIERI,,2021 list only,41.12264,-70.04939
4-0027571,West Tisbury,71 AIRPORT ROAD,MV AIRPORT,2018-11-20,PFOA,TIERI,,2021 list only,41.38872,-70.61286
4-0027908,Canton,NEPONSET STREET,NEPONSET WELL,2020-11-23,PFAS,DPS,,2021 list only,42.16163,-71.16116
4-0028219,NANTUCKET,14 AIRPORT ROAD,NANTUCKET MEMORIAL AIRPORT,2020-03-03,PFAS,TIERI,,2021 list only,41.25659,-70.06387
4-0028330,CARVER,3 PARK AVENUE,"PARK AVENUE PROPERTY, CARVER",2020-05-28,PFAS SUM OF 6 COMPOUNDS,REMOPS,,2021 list only,41.92677,-70.82147
4-0028503,REHOBOTH,295 WINTHROP ST,FMR L & R TRUCK REPAIR,2020-09-10,PFAS,RTNCLOSED,4-0016945,2021 list only,41.849412,-71.247421
4-0028765,PLYMOUTH,600 ROCKY HILL ROAD,PILGRIM NUCLEAR POWER STATION,2021-04-21,PFAS6,TIERII,4-0028765,2021 list only,41.94474,-70.57919
4-0028855,BARNSTABLE,1038 IYANNOUGH ROAD,COMMERCIAL PROPERTY,2021-06-23,TOTAL REGULATED PFAS COMPOUNDS (PPT),DPS,,2021 list only,41.6729478,-70.303182
4-0028856,BARNSTABLE,95 AIRPORT ROAD,COMMERCIAL PROPERTY,2021-06-23,TOTAL REGULATED PFAS COMPOUNDS (PPT),DPS,,2021 list only,41.6718926,-70.2962506
4-0028942,REHOBOTH,ANAWAN/WINTHROP,AREA OF ANAWAN AND WNTHROP STREETS,2021-09-07,PER- AND POLYFLUOROALKYL SUBSTANCES (PFAS) (sum of constituents listed below),UNCLSS,,MassDEP database,,
4-0029083,RANDOLPH,MULTIPLE LOCATIONS,GREAT POND RESERVOIR,2021-11-02,PER- AND POLYFLUOROALKYL SUBSTANCES (PFAS) (sum of constituents listed below),TIER1D,,MassDEP database,,
4-0029236,STOUGHTON,MULTIPLE LOCATIONS,MUDDY POND WELLFIELD,2022-03-04,PFAS6,TIER1D,,MassDEP database,42.1138245,-71.1336722
4-0029303,NANTUCKET,7 Sun Island Rd,SUN ISLAND FUEL,2022-04-27,PER- AND POLYFLUOROALKYL SUBSTANCES (PFAS) (sum of constituents listed below),TIERI,,MassDEP database,41.26414,-70.05752
4-0029369,WELLFLEET,CHEQUESSETT NECK RD,WELLFLEET SITE DISCOVERY,2022-05-26,PER- AND POLYFLUOROALKYL SUBSTANCES (PFAS) (sum of constituents listed below),UNCLSS,,MassDEP database,41.9366473,-70.0357067
4-0029401,CHILMARK,Near 1-7 Rumpus Ridge Rd,RESIDENTIAL DRINKING WATER WELL,2022-06-23,PER- AND POLYFLUOROALKYL SUBSTANCES (PFAS) (sum of constituents listed below),TIER1D,,MassDEP database,41.3377768,-70.752453
4-0029576,ATTLEBORO,MULTIPLE LOCATIONS,LAKE MIRIMICHI,2022-11-21,PER- AND POLYFLUOROALKYL SUBSTANCES (PFAS) (sum of constituents listed below),TIER1D,,MassDEP database,,
4-0029606,WESTPORT,569 SANFORD ROAD,SANFORD ROAD AND BRIGGS ROAD NEIGHBORHOO,2022-11-21,PFAS; PFAS6,NONREP,,MassDEP database,41.6487065,-71.1078183
4-0029612,NANTUCKET,MULTIPLE LOCATIONS,NANTUCKET,2022-11-30,PER- AND POLYFLUOROALKYL SUBSTANCES (PFAS) (sum of constituents listed below),TIER1D,,MassDEP database,,
4-0029668,BRIDGEWATER,MULTIPLE LOCATIONS,WELLS AT CARVER POND 4042000-13G,2023-01-31,PER- AND POLYFLUOROALKYL SUBSTANCES (PFAS) (sum of constituents listed below),UNCLSS,,MassDEP database,,
4-0029673,WEST TISBURY,MULTIPLE LOCATIONS,LANDFILL & EDGARTOWN ROAD,2023-10-03,PER- AND POLYFLUOROALKYL SUBSTANCES (PFAS) (sum of constituents listed below),TIER1D,,MassDEP database,,
4-0029679,WESTPORT,MAIN ROAD,"WESTPORT VILLAGE, MAIN ROAD AREA",2023-03-10,PER- AND POLYFLUOROALKYL SUBSTANCES (PFAS) (sum of constituents listed below),UNCLSS,,MassDEP database,,
4-0029680,EASTHAM,3800 STATE HWY,"4086005-01G,02G AND -03G - SHERATON",2023-03-10,PER- AND POLYFLUOROALKYL SUBSTANCES (PFAS) (sum of constituents listed below),TIER1D,,MassDEP database,,
4-0029686,BRIDGEWATER,MULTIPLE LOCATIONS,HIGH STREET WELLS,2023-01-31,PER- AND POLYFLUOROALKYL SUBSTANCES (PFAS) (sum of constituents listed below),UNCLSS,,MassDEP database,,
4-0029724,EASTHAM,MULTIPLE LOCATIONS,4086022 OAK GROVE AND 4086045 SEATOLLER,2023-03-17,PER- AND POLYFLUOROALKYL SUBSTANCES (PFAS) (sum of constituents listed below),TIER1D,,MassDEP database,,
4-0029743,REHOBOTH,27 FRANCIS FARM RD,FRANCIS FARMS PUBLIC SUPPLY WELL,2023-03-09,PER- AND POLYFLUOROALKYL SUBSTANCES (PFAS) (sum of constituents listed below),TIER1D,,MassDEP database,,
4-0029770,TRURO,6 SHORE ROAD,4300030-03G,2023-03-28,PER- AND POLYFLUOROALKYL SUBSTANCES (PFAS) (sum of constituents listed below),UNCLSS,,MassDEP database,,
4-0029826,CANTON,NEPONSET STREET,NEPONSET WELL 4050000-09G,2023-05-24,PFAS6,NONREP,,MassDEP database,42.1592879,-71.1627954
4-0029832,CARVER,MULTIPLE LOCATIONS,CARVER-PLYMPTON,2023-05-31,PER- AND POLYFLUOROALKYL SUBSTANCES (PFAS) (sum of constituents listed below),TIER1D,,MassDEP database,,
4-0029980,YARMOUTH,MULTIPLE LOCATIONS,MILL CREEK,2023-08-28,PER- AND POLYFLUOROALKYL SUBSTANCES (PFAS) (sum of constituents listed below),TIER1D,,MassDEP database,,
4-0050019,TISBURY,,WEST TISBURY LANDFILL,2024-03-29,PER- AND POLYFLUOROALKYL SUBSTANCES (PFAS) (sum of constituents listed below),TIER1D,,MassDEP database,,
4-0050366,TRURO,2 Sand Pit Rd,ESTATE OF DONALD NOONS,2024-06-20,PFAS,TIERII,,MassDEP database,42.02343,-70.07809
4-0050597,MARION,Near,NEAR DERBY LANE,2024-07-30,PFAS6,TIER1D,,MassDEP database,,
4-0050710,EASTHAM,255 Old Orchard Road,EASTHAM LANDFILL,2024-08-21,PFAS6,TIER1D,,MassDEP database,,
4-0050777,TRURO,17 Town Hall Road,TRURO DPW,2024-09-05,PFAS6,TIERI,,MassDEP database,,
4-0050885,EDGARTOWN,3 Jeffers Lane,PFOA IN RESIDENTIAL DRINKING WATER WELL,2024-09-27,PER- AND POLYFLUOROALKYL SUBSTANCES (PFAS) (sum of constituents listed below),TIERI,4-0050885,MassDEP database,,
4-0050910,TAUNTON,582 Myricks Street,N/A,2024-09-10,PER- AND POLYFLUOROALKYL SUBSTANCES (PFAS) (sum of constituents listed below),TIERI,,MassDEP database,,
4-0050971,FALL RIVER,288 Plymouth Ave,288 PLYMOUTH ST.,2024-10-17,PERFLUORODECANOIC ACID (PFDA),PSNC,,MassDEP database,,
4-0050972,NEW BEDFORD,42 Edison Street,42 EDISON STREET,2024-10-17,PERFLUOROHEXANESULFONIC ACID (PFHxS); PERFLUOROOCTANOIC ACID (PFOA),PSNC,,MassDEP database,,
4-0051228,FREETOWN,49 Howland Road,HOWLAND ROAD LANDFILL,2024-12-26,PER- AND POLYFLUOROALKYL SUBSTANCES (PFAS) (sum of constituents listed below),TIER1D,,MassDEP database,,
4-0051381,TRURO,Near Town Dump Rd,TRURO LANDFILL,2025-02-06,PER- AND POLYFLUOROALKYL SUBSTANCES (PFAS) (sum of constituents listed below),ADQREG,,MassDEP database,,
4-0051482,BARNSTABLE,65 Independence Drive,COMMERCIAL PROPERTY,2025-02-25,PER- AND POLYFLUOROALKYL SUBSTANCES (PFAS) (sum of constituents listed below),DPS,,MassDEP database,,
4-0052573,FOXBOROUGH,131 Morse St,SUMMIT CASTING CORPORATION FACILITY,2025-10-08,PFAS6,UNCLSS,,MassDEP database,,
4-0052835,CHILMARK,Near,"NORTH RD, CHILMARK",2025-12-02,PER- AND POLYFLUOROALKYL SUBSTANCES (PFAS) (sum of constituents listed below),UNCLSS,,MassDEP database,,
4-0052903,CHILMARK,Menemsha Inn Rd,NEAR MENEMSHA INN ROAD,2025-12-02,PER- AND POLYFLUOROALKYL SUBSTANCES (PFAS) (sum of constituents listed below),UNCLSS,,MassDEP database,,
4-0053092,EASTHAM,Wood Duck Ln,WOOD DUCK LANE,2025-10-31,PER- AND POLYFLUOROALKYL SUBSTANCES (PFAS) (sum of constituents listed below),UNCLSS,,MassDEP database,,
4-3025357,HINGHAM,101 HERSEY ST,HINGHAM DPW STOCKYARD,2021-07-23,TOTAL PFAS,RAO,4-3025357,2021 list only,42.2345831,-70.8932293
