rtn,town,site_name,address,notification_date,disposition,chemical
1-0021230,LANESBOROUGH,LANESBOROUGH WATER SUPPLY WELL #1,20 BRIDGE STREET,2020-12-09,LESS,PFOS & PFAS
1-0021289,NORTHFIELD,FOUR STAR FARMS,496 PINE MEADOW ROAD,2021-04-05,LESS,PFAS
2-0020439,HUDSON,FMR BOYD COATINGS RESEARCH CO,51 PARMENTER ROAD,2018-01-24,REPORT,PERFLUOROOCTANESULFONIC ACID
2-0021045,STOW,MA DFS FIREFIGHTING ACADEMY,664 SUDBURY RD,2019-10-24,REPORT,PFAS
2-0021072,PRINCETON,IMPACTED WATER SUPPLIES - PRINCETON,6 TOWN HALL DR,2019-11-04,REPORT,PFAS
2-0021075,STOW,FMR FIRE STATION,16 CRESCENT ST,2019-10-01,REPORT,PFAS
2-0021116,STOW,GLEASONDALE MILL,501 GLEASONDALE ROAD,2020-02-14,REPORT,PFAS
2-0021349,LITTLETON,AGGREGATE INDUSTRIES QUARRY,149 AYER ROAD,2020-09-18,REPORT,PFAS 6 SUM
2-0021383,HOLDEN,"HHC REALTY, LLC",752 MAIN STREET,2020-10-22,REPORT,PFAS COMPOUNDS (TOTAL OF 6)
2-0021446,LANCASTER,MCI NEAR WATER SUPPLY WELL 2270001-02G,0 SHIRLEY ROAD,2020-12-29,REPORT,PERFLUROHEXANSULFONIC ACID PFHXS
2-0021455,MILLIS,FORMER GAF FACILITY,60 CURVE STREET,2021-01-08,REPORT,PFAS (SUM 6)
2-0021523,MILLIS,FORMER GARAGE,114 UNION STREET,2021-04-02,REPORT,PFAS6 (SUMMATION)
2-0021541,STOW,BOSE FACILITY,688 GREAT RD,2021-04-16,REPORT,PFAS
2-0021573,AYER,"L3 ESSCO, INC.",90 NEMCO WAY,2021-05-17,REPORT,PFAS
2-0021682,WORCESTER,"ALLEGRO MICROSYSTEMS, LLC",115 NORTHEAST CUTOFF,2021-09-02,REPORT,PFAS
2-0021721,PRINCETON,TOWN OF PRINCETON,30 MOUNTAIN RD,2021-09-27,REPORT,PFAS/PFOA
3-0036118,BEVERLY,BEVERLY AIRPORT,50 L. P. HENDERSON ROAD,2020-01-30,REPORT,PFAS
3-0036210,WALTHAM,341 SECOND AVENUE,341 SECOND AVENUE,2020-03-23,RETRAC,PFOS
3-0036649,CHELMSFORD,CHELMSFORD DEPT OF PUBLIC WORKS PROPERTY,54 RICHARDSON ROAD,2020-12-11,REPORT,PER- AND POLYFLUOROALKYL SUBSTANCES (PFAS)
3-0036695,BOSTON,BOSTON FIRE DEPARTMENT FIREHOUSE,941 BOYLSTON STREET,2021-01-27,REPORT,PERFLUOROOCTANESULFONIC ACID (PFOS)
3-0036774,NATICK,22 PLEASANT STREET LLC,22 PLEASANT STREET SOUTH,2021-03-19,REPORT,PFAS 6
3-0036899,NEWBURYPORT,INDUSTRIAL PROPERTY,9 OPPORTUNITY WAY,2021-06-11,REPORT,POLYFLUOROALKYL SUBSTANCE (PFAS)
3-0036926,WILMINGTON,226 ANDOVER,226 ANDOVER STREET,2021-07-02,REPORT,PFAS
4-0026179,BARNSTABLE,BARNSTABLE COUNTY FIRE TRAINING ACADEMY,155 SOUTH FLINT ROCK ROAD,2016-08-04,REPORT,PFOS
4-0027571,West Tisbury,MV AIRPORT,71 AIRPORT ROAD,2018-11-20,REPORT,PFOA
4-0027908,Canton,NEPONSET WELL,NEPONSET STREET,2020-11-23,REPORT,PFAS
4-0028219,NANTUCKET,NANTUCKET MEMORIAL AIRPORT,14 AIRPORT ROAD,2020-03-03,REPORT,PFAS
4-0028330,CARVER,"PARK AVENUE PROPERTY, CARVER",3 PARK AVENUE,2020-05-28,REPORT,PFAS SUM OF 6 COMPOUNDS
4-0028503,REHOBOTH,FMR L & R TRUCK REPAIR,295 WINTHROP ST,2020-09-10,REPORT,PFAS
4-0028855,BARNSTABLE,COMMERCIAL PROPERTY,1038 IYANNOUGH ROAD,2021-06-23,REPORT,TOTAL REGULATED PFAS COMPOUNDS (PPT)
4-0028856,BARNSTABLE,COMMERCIAL PROPERTY,95 AIRPORT ROAD,2021-06-23,REPORT,TOTAL REGULATED PFAS COMPOUNDS (PPT)
1-0021265,NEW SALEM,SWIFT RIVER ELEMENTARY SCHOOL,201 WENDELL ROAD,2021-01-21,LESS,PFAS
2-0020923,HUDSON,CHESTNUT STREET PFAS,308 CHESTNUT STREET,2019-06-17,REPORT,PFAS
2-0020964,AYER,SPECTICAL POND WELL,30 SPECTACLE POND ROAD,2018-03-01,REPORT,PFAS Amt/Conc UNKNOWN
2-0021552,WORCESTER,CERO PFAS TECHNICAL ASSISTANCE CONTRACT,NO ADDRESS,2020-10-13,LESS,PFAS
3-0036245,CHELMSFORD,COMMERCIAL PROPERTY,1 BILLERICA ROAD,2020-05-07,REPORT,TOTAL PFAS
3-0036880,BURLINGTON,FMR HIGH VOLTAGE ENG COPR/BELLOFRAM SITE,3 VAN DE GRAAFF DR,2021-06-08,REPORT,TOTAL PFAS (SUM OF 6 CONSTITUENTS)
3-0036925,WILMINGTON,25 UPTON DRIVE,25 UPTON DRIVE,2021-07-02,REPORT,PFAS
4-0028765,PLYMOUTH,PILGRIM NUCLEAR POWER STATION,600 ROCKY HILL ROAD,2021-04-21,REPORT,PFAS6
4-3025357,HINGHAM,HINGHAM DPW STOCKYARD,101 HERSEY ST,2021-07-23,REPORT,TOTAL PFAS
2-0021022,CLINTON,CLINTON FIRE DEPARTMENT,555 MAIN STREET,2020-03-23,REPORT,PFAS
2-0021224,MILLIS,MILLIS PUBLIC WATER SUPPLY WELL #2,WATER STREET,2020-04-30,REPORT,PER- AND POLYFLUOROALKYL SUBSTANCES (PFAS)
2-0021373,LITTLETON,LITTELTON LANDFILL,BENNETT BROOK,2020-10-14,REPORT,PFAS
2-0021549,BOXBOROUGH,BOXBOROUGH TOWN HALL,29 MIDDLE ROAD,2021-04-21,REPORT,PFAS6
2-0021550,MILLBURY,OAK POND WELL,OAK POND AVENUE,2021-02-16,REPORT,PFAS
2-0021551,DUDLEY,DUDLEY GP WELL NO.3,75 SCHOFIELD AVENUE,2020-12-01,REPORT,PFAS
2-0021557,BOXBOROUGH,BOXBOROUGH TOWN CENTER,30 MIDDLE ROAD,2021-04-29,REPORT,PFAS
2-0021558,ACTON,CONANT PWS WELLS I AND II,549 MAIN STREET,2021-04-29,REPORT,PFAS
2-0021571,PEPPERELL,NASHUA ROAD WELL 05G,30 EMERSON CIRCLE,2021-03-24,REPORT,PFAS
2-0021592,TOWNSEND,HARBOR TRACE WELL,25 HARBOR TRACE ROAD,2021-06-03,REPORT,PFAS
3-0036772,BURLINGTON,RCA CORP FMR,1 NETWORK DRIVE,2021-03-12,REPORT,TOTAL PFAS
2-0021744,DUDLEY,TOWN OF DUDLEY,7 INDIAN RD,2021-10-27,REPORT,"PFAS,1,4 DIOXANE"
