rtn,town,address,site_name,notification_date,chemical,status,source,geocode_precision,x,y
1-0021230,LANESBOROUGH,20 BRIDGE STREET,LANESBOROUGH WATER SUPPLY WELL #1,2020-12-09,PFOS & PFAS,,2021 list only,address,57720.77734375,920436.9375
1-0021265,NEW SALEM,201 WENDELL ROAD,SWIFT RIVER ELEMENTARY SCHOOL,2021-01-21,PFAS,,2021 list only,address,129539.4453125,919364.5
1-0021289,NORTHFIELD,496 PINE MEADOW ROAD,FOUR STAR FARMS,2021-04-05,PFAS,,2021 list only,address,119465.0,931598.875
1-0021469,WARWICK,355 WENDELL ROAD,FORMER RESIDENTIAL PROPERTY,2021-12-15,PER- AND POLYFLUOROALKYL SUBSTANCES (PFAS) (sum of constituents listed below),TIERI,MassDEP database,massdep,130280.50281448144,934089.7522395593
1-0021645,LEE,20 Forest St,SIMKINS LANDFILL,2022-09-21,PER- AND POLYFLUOROALKYL SUBSTANCES (PFAS) (sum of constituents listed below),ADQREG,MassDEP database,massdep,58519.818845517235,894813.4980374333
1-0021955,CLARKSBURG,1935 MOHAWK TRAIL,GOLDEN EAGLE RESTAURANT,2024-02-06,PERFLUOROHEXANESULFONIC ACID (PFHxS); PERFLUOROOCTANESULFONIC ACID (PFOS); PERFLUOROOCTANOIC ACID (PFOA),TIERI,MassDEP database,massdep,71962.88790321241,941020.656291734
1-0050148,BELCHERTOWN,Pit Rd,FORMER STATE SCHOOL,2024-06-06,PFAS,ADQREG,MassDEP database,unmatched,,
1-0050160,WARE,Near Monson Turnpike Rd,MONSON TURNPIKE,2024-05-07,PERFLUOROOCTANESULFONIC ACID (PFOS); PERFLUOROOCTANOIC ACID (PFOA),TIERII,MassDEP database,street,133148.671875,890357.9375
1-0050204,PALMER,NEAR STATE STREET,STATE STREET LANDFILL,2024-05-20,PERFLUOROOCTANOIC ACID (PFOA),ADQREG,MassDEP database,street,130967.515625,884594.5
1-0050673,SPRINGFIELD,145 Albany Street,142 ALBANY STREET - BUCKEYE TERMINAL,2024-08-15,PFAS,PSNC,MassDEP database,address,110915.640625,874704.25
1-0050744,SUNDERLAND,Reservation Road,SUNDERLAND SANITARY LANDFILL,2024-08-29,PFAS,TIER1D,MassDEP database,street,115347.984375,917586.375
1-0051592,WESTFIELD,0 NORTH ROAD,PARCEL 72/R/63/1-A,2025-03-20,PERFLUOROOCTANOIC ACID (PFOA),TIERII,MassDEP database,street,94488.1171875,882309.5625
1-0051746,HUNTINGTON,53 Basket Street,HUNTINGTON LANDFILL,2025-04-29,PER- AND POLYFLUOROALKYL SUBSTANCES (PFAS) (sum of constituents listed below),TIER1D,MassDEP database,address,86204.40625,889176.5
1-0051996,ATHOL,121 Crescent Street,"121 CRESCENT ST, L.S. STARRETT CO",2025-06-13,PER- AND POLYFLUOROALKYL SUBSTANCES (PFAS) (sum of constituents listed below); PERFLUOROOCTANESULFONIC ACID (PFOS),UNCLSS,MassDEP database,address,140280.953125,927481.9375
1-0052145,WESTFIELD,175 Falcon Dr,IRAP SITE 1 &6 FIRE TRAINING AREAS,2016-10-11,PER- AND POLYFLUOROALKYL SUBSTANCES (PFAS) (sum of constituents listed below),ADQREG,MassDEP database,street,99408.078125,881084.625
1-0052196,CHICOPEE,975 Patriot Ave,WESTOVER AIR RESERAVE BASE,2018-05-01,PER- AND POLYFLUOROALKYL SUBSTANCES (PFAS) (sum of constituents listed below),ADQREG,MassDEP database,street,113880.0234375,883864.1875
2-0020439,HUDSON,51 PARMENTER ROAD,FMR BOYD COATINGS RESEARCH CO,2018-01-24,PERFLUOROOCTANESULFONIC ACID,TMPS,2021 list only,massdep,200452.08348619216,903854.7313238506
2-0020907,HUDSON,CHESTNUT STREET,CHESTNUT STREET WELL,2016-08-31,PER- AND POLYFLUOROALKYL SUBSTANCES (PFAS) (sum of constituents listed below),SDISCO,MassDEP database,massdep,198553.67815158714,905251.5439501761
2-0020923,HUDSON,308 CHESTNUT STREET,CHESTNUT STREET PFAS,2019-06-17,PER- AND POLYFLUOROALKYL SUBSTANCES (PFAS) (sum of constituents listed below),SDISCO,MassDEP database,massdep,198968.95763803952,903267.8597875227
2-0020964,AYER,SPECTACLE POND ROAD,SPECTICAL POND WELL,2018-03-01,PER- AND POLYFLUOROALKYL SUBSTANCES (PFAS) (sum of constituents listed below),SDISCO,MassDEP database,massdep,197629.46205008822,922451.7391811119
2-0021022,CLINTON,80 CHURCH STREET,CLINTON FIRE DEPARTMENT,2020-03-23,PER- AND POLYFLUOROALKYL SUBSTANCES (PFAS) (sum of constituents listed below),TIER1D,MassDEP database,massdep,184562.30413883354,907621.8680017428
2-0021045,STOW,664 SUDBURY RD,MA DFS FIREFIGHTING ACADEMY,2019-10-24,PFOS,TIERI,MassDEP database,massdep,201959.5413256746,904967.9870605989
2-0021072,PRINCETON,6 TOWN HALL RD,IMPACTED WATER SUPPLIES - PRINCETON,2019-11-04,PER- AND POLYFLUOROALKYL SUBSTANCES (PFAS) (sum of constituents listed below),TIERI,MassDEP database,massdep,168857.12510860956,911098.3742822269
2-0021075,STOW,16 CRESCENT ST,FMR FIRE STATION,2019-10-01,PFAS,TIERI,2021 list only,massdep,199544.99971719846,909670.7805067771
2-0021116,STOW,501 GLEASONDALE ROAD,GLEASONDALE MILL,2020-02-14,PER- AND POLYFLUOROALKYL SUBSTANCES (PFAS) (sum of constituents listed below),TIERI,MassDEP database,massdep,197920.6176438331,906204.3176059638
2-0021224,MILLIS,WATER STREET,MILLIS PUBLIC WATER SUPPLY WELL #2,2020-04-30,PER- AND POLYFLUOROALKYL SUBSTANCES (PFAS) (sum of constituents listed below),SDISCO,MassDEP database,massdep,211942.86859044,880098.9134377978
2-0021349,LITTLETON,149 AYER ROAD,AGGREGATE INDUSTRIES QUARRY,2020-09-18,PER- AND POLYFLUOROALKYL SUBSTANCES (PFAS) (sum of constituents listed below),TMPS,MassDEP database,massdep,197881.831920541,922223.1734463755
2-0021373,LITTLETON,BENNETT BROOK,LITTELTON LANDFILL,2020-10-14,PFAS,ADQREG,2021 list only,override,195891.8,921322.4
2-0021383,HOLDEN,752 Main St,"HHC REALTY, LLC",2020-10-22,PER- AND POLYFLUOROALKYL SUBSTANCES (PFAS) (sum of constituents listed below),DPS,MassDEP database,address,171795.40625,899122.8125
2-0021446,LANCASTER,0 SHIRLEY ROAD,MCI NEAR WATER SUPPLY WELL 2270001-02G,2020-12-29,PERFLUROHEXANSULFONIC ACID PFHXS,,2021 list only,massdep,188432.70802668395,919168.9658648244
2-0021455,MILLIS,60 CURVE STREET,FORMER GAF FACILITY,2021-01-08,PER- AND POLYFLUOROALKYL SUBSTANCES (PFAS) (sum of constituents listed below); PERFLUORODECANOIC ACID (PFDA); PERFLUORONONANOIC ACID (PFNA),TIERI,MassDEP database,massdep,212021.00385988597,880188.2377820769
2-0021523,MILLIS,114 UNION STREET,FORMER GARAGE,2021-04-02,PER- AND POLYFLUOROALKYL SUBSTANCES (PFAS) (sum of constituents listed below),TIERI,MassDEP database,massdep,212220.12813306256,880188.5802431393
2-0021541,STOW,688 GREAT RD,BOSE FACILITY,2021-04-16,PER- AND POLYFLUOROALKYL SUBSTANCES (PFAS) (sum of constituents listed below),PSNC,MassDEP database,massdep,196523.51152185438,909226.2010134882
2-0021549,BOXBOROUGH,29 MIDDLE ROAD,BOXBOROUGH TOWN HALL,2021-04-21,PER- AND POLYFLUOROALKYL SUBSTANCES (PFAS) (sum of constituents listed below),SDISCO,MassDEP database,massdep,198871.49628022313,914706.2093331569
2-0021550,MILLBURY,OAK POND AVENUE,OAK POND WELL,2021-02-16,PER- AND POLYFLUOROALKYL SUBSTANCES (PFAS) (sum of constituents listed below),SDISCO,MassDEP database,massdep,178786.95070230693,886327.8857541464
2-0021551,DUDLEY,75 SCHOFIELD AVENUE,DUDLEY GP WELL NO.3,2020-12-01,PER- AND POLYFLUOROALKYL SUBSTANCES (PFAS) (sum of constituents listed below),SDISCO,MassDEP database,massdep,167654.51293351757,865597.5409563528
2-0021552,WORCESTER,NO ADDRESS,CERO PFAS TECHNICAL ASSISTANCE CONTRACT,2020-10-13,PFAS,,2021 list only,unmatched,,
2-0021557,BOXBOROUGH,NEAR 30 MIDDLE ROAD,BOXBOROUGH TOWN CENTER,2022-04-12,PER- AND POLYFLUOROALKYL SUBSTANCES (PFAS) (sum of constituents listed below),TIER1D,MassDEP database,massdep,198828.63639363513,914713.0255697836
2-0021558,ACTON,549 MAIN STREET,CONANT PWS WELLS I AND II,2021-04-29,PER- AND POLYFLUOROALKYL SUBSTANCES (PFAS) (sum of constituents listed below),SDISCO,MassDEP database,massdep,206381.2351034963,915684.9505889926
2-0021571,PEPPERELL,30 Emerson Cir,NASHUA ROAD WELL 05G,2021-03-24,PER- AND POLYFLUOROALKYL SUBSTANCES (PFAS) (sum of constituents listed below),SDISCO,MassDEP database,massdep,195388.2237022102,939049.3061800919
2-0021573,AYER,90 NEMCO WAY,"L3 ESSCO, INC.",2021-05-17,PFAS,,2021 list only,address,198065.921875,924012.5625
2-0021592,TOWNSEND,25 Harbor Trace Rd,HARBOR TRACE WELL,2021-06-03,PER- AND POLYFLUOROALKYL SUBSTANCES (PFAS) (sum of constituents listed below),SDISCO,MassDEP database,massdep,186070.8515309002,932850.3216268419
2-0021682,WORCESTER,115 North East Cutoff,FORMER ALLEGRO MICROSYSTEMS,2021-09-02,PER- AND POLYFLUOROALKYL SUBSTANCES (PFAS) (sum of constituents listed below),TMPS,MassDEP database,massdep,178035.17302783282,895285.0373577399
2-0021721,PRINCETON,30 MOUNTAIN ROAD,30 MOUNTAIN ROAD,2021-09-27,PERFLUOROHEXANESULFONIC ACID (PFHxS); PERFLUOROOCTANESULFONIC ACID (PFOS); PERFLUOROOCTANOIC ACID (PFOA),TIER1D,MassDEP database,massdep,168830.74883685305,911303.3345032744
2-0021744,DUDLEY,7 INDIAN RD,DUDLEY SANITARY LANDFILL,2021-10-27,PER- AND POLYFLUOROALKYL SUBSTANCES (PFAS) (sum of constituents listed below),TIERI,MassDEP database,massdep,165937.01370302212,865096.6407083644
2-0021768,BOXBOROUGH,SWANSON ROAD,SWANSON RD AND BEAVER BROOK RD AREA PFAS,2021-11-18,PER- AND POLYFLUOROALKYL SUBSTANCES (PFAS) (sum of constituents listed below),SDISCO,MassDEP database,massdep,196474.4793106591,916329.6102248395
2-0021796,PRINCETON,54 MOUNTAIN ROAD,54 MOUNTAIN ROAD,2021-12-07,PERFLUOROOCTANESULFONIC ACID (PFOS); PERFLUOROOCTANOIC ACID (PFOA),TIER1D,MassDEP database,massdep,168718.9568785902,911620.8552751231
2-0021797,PRINCETON,22 MOUNTAIN ROAD,22 MOUNTAIN ROAD,2021-12-07,PERFLUOROHEPTANOIC ACID (PFHpA); PERFLUOROOCTANESULFONIC ACID (PFOS); PERFLUOROOCTANOIC ACID (PFOA),TIER1D,MassDEP database,massdep,168878.8164675583,911222.2991312593
2-0021798,LITTLETON,55 RUSSELL ST,LITTLETON MIDDLE SCHOOL,2021-12-08,PER- AND POLYFLUOROALKYL SUBSTANCES (PFAS) (sum of constituents listed below),TMPS,MassDEP database,massdep,201280.58362046516,921372.0821630175
2-0021812,STOW,GARNER ROAD,TAYLOR ROAD AND GARNER ROAD AREA,2021-12-22,PER- AND POLYFLUOROALKYL SUBSTANCES (PFAS) (sum of constituents listed below),SDISCO,MassDEP database,massdep,196654.9668965882,912450.7523211052
2-0021819,LUNENBURG,110 BURRAGE ST,PFAS SRM AT RESIDENTIAL PROPERTIES,2021-12-30,PER- AND POLYFLUOROALKYL SUBSTANCES (PFAS) (sum of constituents listed below),TIER1D,MassDEP database,massdep,183690.69941691495,925004.8783831514
2-0021840,MENDON,28 HASTING ST,COMMERCIAL PROPERTY AT 28 HASTINGS ST,2022-01-21,PER- AND POLYFLUOROALKYL SUBSTANCES (PFAS) (sum of constituents listed below),SDISCO,MassDEP database,massdep,195287.5566156008,872572.475989518
2-0021866,WESTMINSTER,65 Bean Porridge Hill Road,MASS. NATURAL FERTILIZER CO.,2022-03-15,PER- AND POLYFLUOROALKYL SUBSTANCES (PFAS) (sum of constituents listed below),TIERI,MassDEP database,massdep,169199.57522490784,925738.5998732313
2-0021885,LITTLETON,55 WHITE ST,CONCORD LUMBER CORPORATION,2022-03-16,PER- AND POLYFLUOROALKYL SUBSTANCES (PFAS) (sum of constituents listed below),DPS,MassDEP database,massdep,201829.97749984224,921876.5161770761
2-0021891,WORCESTER,717 PLANTATION STREET,SAINT GOBAIN PERFORMANCE PLASTICS CORP.,2022-03-22,PER- AND POLYFLUOROALKYL SUBSTANCES (PFAS) (sum of constituents listed below),TMPS,MassDEP database,massdep,178307.327469175,894507.7715783052
2-0021957,AYER,11 WILLOW ROAD,PARMALEES LLC,2022-05-18,PERFLUOROHEPTANOIC ACID (PFHpA); PERFLUOROHEXANESULFONIC ACID (PFHxS); PERFLUOROOCTANESULFONIC ACID (PFOS); PERFLUOROOCTANOIC ACID (PFOA),DPS,MassDEP database,massdep,196674.80542384923,922986.3996650585
2-0021961,GROTON,703 CHICOPEE ROW,GROTON-DUNSTABLE REGIONAL HIGH SCHOOL,2022-05-20,PER- AND POLYFLUOROALKYL SUBSTANCES (PFAS) (sum of constituents listed below),TIERI,MassDEP database,massdep,196964.42396596848,933576.2736181995
2-0021974,BOLTON,100 WATTAQUADOCK HILL ROAD,NASHOBA VALLEY WINERY PROPERTY,2022-06-10,PER- AND POLYFLUOROALKYL SUBSTANCES (PFAS) (sum of constituents listed below),SDISCO,MassDEP database,massdep,190423.1134314236,908865.0586151293
2-0021978,SUTTON,79 WORCESTER PROVIDENCE TURNPI,FORMER AUTO SALVAGE YARD,2022-06-15,PER- AND POLYFLUOROALKYL SUBSTANCES (PFAS) (sum of constituents listed below),TIERI,MassDEP database,massdep,179583.35050084576,879848.79293001
2-0021995,NORFOLK,111 DEDHAM STREET,SOUTHWOOD HOSPITAL DISPOSAL AREA,2022-08-15,PER- AND POLYFLUOROALKYL SUBSTANCES (PFAS) (sum of constituents listed below),RTNCLOSED,MassDEP database,massdep,217456.93344589858,871814.752608136
2-0022020,FITCHBURG,0 AIRPORT ROAD,UNDEVELOPED LAND,2022-07-28,PER- AND POLYFLUOROALKYL SUBSTANCES (PFAS) (sum of constituents listed below),TIER1D,MassDEP database,massdep,177874.8731895908,924039.2285864865
2-0022034,AYER,211 WEST MAIN STREET,FORMER DRY CLEANERS,2022-08-10,PFAS 6,TIERI,MassDEP database,massdep,191333.26937259303,922705.8679395593
2-0022042,DUDLEY,420 WEST MAIN STREET,PFAS6 DETECTION IS PRIVATE WELLS,2022-08-16,PER- AND POLYFLUOROALKYL SUBSTANCES (PFAS) (sum of constituents listed below),TIERI,MassDEP database,massdep,163443.10534111172,864160.5549427359
2-0022054,STOW,HARVARD ROAD,HARVARD ROAD AREA,2022-08-25,PER- AND POLYFLUOROALKYL SUBSTANCES (PFAS) (sum of constituents listed below),TIER1D,MassDEP database,massdep,197250.54523269268,910693.8747682907
2-0022097,PEPPERELL,45 LOWELL ROAD,MONITORING WELL MW-3,2022-09-30,PER- AND POLYFLUOROALKYL SUBSTANCES (PFAS) (sum of constituents listed below); PERFLUOROOCTANESULFONIC ACID (PFOS),TIERI,MassDEP database,address,194959.484375,934923.6875
2-0022119,DUDLEY,183 West MAIN ST.,GENTEX OPTICS FACILITY,2022-10-20,PER- AND POLYFLUOROALKYL SUBSTANCES (PFAS) (sum of constituents listed below),TIERI,MassDEP database,massdep,166039.96450335352,865498.2248573023
2-0022152,DUDLEY,38 ROBERTS ROAD,MACE POLYMERS,2022-11-14,PER- AND POLYFLUOROALKYL SUBSTANCES (PFAS) (sum of constituents listed below),RTNCLOSED,MassDEP database,massdep,161218.20047296293,864164.4008050808
2-0022156,PHILLIPSTON,NEAR 20 THE COMMON,PHILLIPSTON MEMORIAL WELL 2235002,2022-11-21,PER- AND POLYFLUOROALKYL SUBSTANCES (PFAS) (sum of constituents listed below),SDISCO,MassDEP database,massdep,147937.53351647744,922208.5713031503
2-0022174,HOPKINTON,45 East St,METROWEST YMCA,2022-12-20,PER- AND POLYFLUOROALKYL SUBSTANCES (PFAS) (sum of constituents listed below),SDISCO,MassDEP database,massdep,202493.25158590902,886369.8712328558
2-0022178,MEDFIELD,527 Main St,PFAS RELEASE,2022-12-22,PER- AND POLYFLUOROALKYL SUBSTANCES (PFAS) (sum of constituents listed below),RTNCLOSED,MassDEP database,address,215877.734375,881760.9375
2-0022225,MILFORD,19 Birch St,BIRCH STREET PLACE,2023-02-14,PER- AND POLYFLUOROALKYL SUBSTANCES (PFAS) (sum of constituents listed below),DPS,MassDEP database,address,200298.28125,877080.75
2-0022227,HOPKINTON,SADDLE HILL ROAD,SADDLE HILL ROAD AREA,2023-02-08,PER- AND POLYFLUOROALKYL SUBSTANCES (PFAS) (sum of constituents listed below),SDISCO,MassDEP database,massdep,195493.25128241384,890001.0528058899
2-0022264,MILFORD,19 Birch St,"MILFORD AVALON, INC",2023-03-03,PER- AND POLYFLUOROALKYL SUBSTANCES (PFAS) (sum of constituents listed below),DPS,MassDEP database,address,200298.28125,877080.75
2-0022280,NORTHBOROUGH,170 Bartlett St,MONITORING WELL MW-10M,2023-04-07,PER- AND POLYFLUOROALKYL SUBSTANCES (PFAS) (sum of constituents listed below),TIERII,MassDEP database,massdep,190818.72755517118,896587.4161752588
2-0022282,HOLDEN,85 Industrial Dr,AVIENT FACILITY,2023-04-18,PER- AND POLYFLUOROALKYL SUBSTANCES (PFAS) (sum of constituents listed below),TIERII,MassDEP database,massdep,171745.82005883628,898721.9938299488
2-0022286,DUDLEY,OFF FISH ROAD,FISH ROAD RECLAMATION PROJECT,2023-05-02,PER- AND POLYFLUOROALKYL SUBSTANCES (PFAS) (sum of constituents listed below),DPS,MassDEP database,massdep,161240.8979785709,865487.3896590546
2-0022305,CHARLTON,54 Flint Road,CHARLTON LANDFILL,2023-05-03,PER- AND POLYFLUOROALKYL SUBSTANCES (PFAS) (sum of constituents listed below),TIERI,MassDEP database,massdep,160652.93637269147,874525.3084437479
2-0022327,NORTHBOROUGH,200 Bartlett St,FORMER BAY STATE CIRCUITS,2023-05-26,PER- AND POLYFLUOROALKYL SUBSTANCES (PFAS) (sum of constituents listed below),TIERII,MassDEP database,massdep,190947.29703956124,896568.3665630972
2-0022348,GRAFTON,NEAR 44 Old Upton Rd,OLD UPTON ROAD AREA,2023-06-16,PER- AND POLYFLUOROALKYL SUBSTANCES (PFAS) (sum of constituents listed below),SDISCO,MassDEP database,massdep,185379.00229749482,883030.7609642276
2-0022386,BOXBOROUGH,159 Swanson Rd,BUILDING,2023-07-14,PER- AND POLYFLUOROALKYL SUBSTANCES (PFAS) (sum of constituents listed below),TIERI,MassDEP database,massdep,196377.92713223794,915709.9861189696
2-0022392,LITTLETON,256 Ayer Rd,RETAIL GAS STATION,2023-07-21,PER- AND POLYFLUOROALKYL SUBSTANCES (PFAS) (sum of constituents listed below),TIERI,MassDEP database,massdep,197029.35684253715,922337.897673123
2-0022444,DOUGLAS,120R Gilboa St,FORMER HAYWARD-SCHUSTER WOOLEN MILL,2023-09-20,PERFLUOROOCTANESULFONIC ACID (PFOS),PSC,MassDEP database,massdep,183465.31578771007,870708.4791463456
2-0022447,CHARLTON,17 Griffin Rd,CONSTRUCTION BUILDING,2023-09-22,PER- AND POLYFLUOROALKYL SUBSTANCES (PFAS) (sum of constituents listed below),TIERI,MassDEP database,massdep,158782.6593144724,877396.1430621265
2-0022510,CHARLTON,17 Griffin Rd,SCALE HOUSE,2023-11-20,PER- AND POLYFLUOROALKYL SUBSTANCES (PFAS) (sum of constituents listed below),TIERI,MassDEP database,massdep,158623.76901361183,877364.86225278
2-0050156,MILFORD,21 Birch Street,MILFORD FIRE DEPARTMENT,2024-05-07,PER- AND POLYFLUOROALKYL SUBSTANCES (PFAS) (sum of constituents listed below),TIERI,MassDEP database,massdep,200423.22277565705,877073.5234105312
2-0050242,STOW,136 Packard Road,PACKARD ROAD AREA,2024-05-14,PFAS6,TIER1D,MassDEP database,address,199049.125,910644.0625
2-0050507,DUDLEY,Off Fish Rd,OFF FISH ROAD; RAMPCO,2024-07-19,PFAS,DPS,MassDEP database,street,160707.125,866539.75
2-0050708,SOUTHBRIDGE,165 Barefoot Rd,"LANDFILL, 165 BAREFOOT RD; CASELLA",2024-08-16,PFAS-6,TIER1D,MassDEP database,address,155805.078125,873255.125
2-0050712,ACTON,"104 Powdermill Rd, Rear of property",104 POWDERMILL RD REAR; 120-DAY,2024-08-21,PFAS6,TIERI,MassDEP database,unmatched,,
2-0050999,CHARLTON,184 Berry Corner Road,BERRY CORNER ROAD; CASELLA,2024-10-22,PER- AND POLYFLUOROALKYL SUBSTANCES (PFAS) (sum of constituents listed below),TIER1D,MassDEP database,address,155753.578125,874034.5625
2-0051092,WESTMINSTER,Near West Princeton Rd,WEST PRINCETON ROAD AREA,2024-11-19,PER- AND POLYFLUOROALKYL SUBSTANCES (PFAS) (sum of constituents listed below),SDISCO,MassDEP database,street,166689.75,918553.25
2-0051129,WINCHENDON,Near 875 Spring St,875 SPRING ST; PLH VINEYARD SKY LLC,2024-11-29,PERFLUORODECANOIC ACID (PFDA); PERFLUOROHEXANESULFONIC ACID (PFHxS); PERFLUORONONOIC ACID (PFNA); PERFLUOROOCTANESULFONIC ACID (PFOS); PERFLUOROOCTANOIC (PFOA),TIER1D,MassDEP database,address,160084.453125,933827.9375
2-0051244,DUDLEY,6 Intervale Road,INTERVALE ROAD AREA,2025-01-02,PER- AND POLYFLUOROALKYL SUBSTANCES (PFAS) (sum of constituents listed below),SDISCO,MassDEP database,address,160311.984375,866845.8125
2-0051508,WESTMINSTER,Near Oakmont Ave,OAKMONT AVENUE AREA,2025-03-04,PER- AND POLYFLUOROALKYL SUBSTANCES (PFAS) (sum of constituents listed below),TIER1D,MassDEP database,street,166628.21875,924337.6875
2-0051706,MILFORD,213 Central Street,213 CENTRAL ST; URETEK; 120-DAY,2025-04-20,PFAS-6,TIERI,MassDEP database,address,198930.015625,876444.5
2-0051802,HOLDEN,1 Salisbury Street,1 SALISBURY ST; SUNNYSIDE MOTORS,2025-05-08,PFAS-6,TIERI,MassDEP database,address,170964.3125,899324.0
2-0051931,HOLDEN,944 Main Street,944 MAIN ST; SUNNYSIDE MOTORS,2025-05-29,PER- AND POLYFLUOROALKYL SUBSTANCES (PFAS) (sum of constituents listed below),TIERI,MassDEP database,address,170989.859375,899383.875
2-0052059,MEDFIELD,45 Hospital Road,FORMER MEDFIELD STATE HOSPITAL; DCAMM,2025-06-25,PER- AND POLYFLUOROALKYL SUBSTANCES (PFAS) (sum of constituents listed below),UNCLSS,MassDEP database,address,213660.359375,884584.8125
2-0052385,HARVARD,47 Depot Road,HARVARD LANDFILL; TOWN OF HARVARD,2025-09-11,PER- AND POLYFLUOROALKYL SUBSTANCES (PFAS) (sum of constituents listed below),UNCLSS,MassDEP database,address,192466.015625,917664.25
2-0052407,HOLDEN,18 Industrial Drive,18 INDUSTRIAL DR; TOWN; PFAS,2025-09-03,PFAS-6,UNCLSS,MassDEP database,address,171593.421875,898982.875
2-0053009,UXBRIDGE,558 Hazel St,558 HAZEL ST; TOWN OF UXBRIDGE,2026-01-20,PER- AND POLYFLUOROALKYL SUBSTANCES (PFAS) (sum of constituents listed below),UNCLSS,MassDEP database,address,185478.359375,869355.5
2-0053023,SUTTON,194 Stone School Rd,194 STONE SCHOOL RD; TOWN OF SUTTON,2026-01-23,PFAS-6,UNCLSS,MassDEP database,address,182432.34375,877196.875
2-0053315,WESTBOROUGH,336 TURNPIKE ROAD,336 TURNPIKE RD; Ryan Development,2026-04-08,TOTAL PFAS (MA6),UNCLSS,MassDEP database,address,187039.046875,892424.4375
2-0053456,BOXBOROUGH,31 Fifers Ln,PFAS6 IN A PRIVATE WELL,2026-05-09,PER- AND POLYFLUOROALKYL SUBSTANCES (PFAS) (sum of constituents listed below),UNCLSS,MassDEP database,address,198972.796875,912879.3125
3-0013311,WALTHAM,175 WYMAN ST,UTM 4696698 N 314255 E,1996-01-05,PER- AND POLYFLUOROALKYL SUBSTANCES (PFAS) (sum of constituents listed below),REMOPS,MassDEP database,massdep,219981.77325857722,905805.2122506024
3-0036118,BEVERLY,L. P. HENDERSON ROAD,BEVERLY AIRPORT,2020-01-30,PER AND POLYFLUOROALKYL SUBSTANCES (PFAS); PERFLUOROHEXANESULFONIC ACID (PFHXS); PERFLUOROOCTANESULFONIC ACID (PFOS),TIERII,MassDEP database,massdep,248162.09517550818,926355.2667663303
3-0036210,WALTHAM,341 SECOND AVENUE,341 SECOND AVENUE,2020-03-23,PFOS,,2021 list only,address,219203.4375,904140.875
3-0036245,CHELMSFORD,1 BILLERICA ROAD,COMMERCIAL PROPERTY,2020-05-07,PFAS,DPS,MassDEP database,address,212210.3125,927352.0625
3-0036649,CHELMSFORD,54 RICHARDSON ROAD,CHELMSFORD DEPT OF PUBLIC WORKS PROPERTY,2020-12-11,POLYFLUOROALKYL SUBSTANCE (PFAS),TIERI,MassDEP database,massdep,210056.83141333685,930906.8029909126
3-0036695,BOSTON,941 BOYLSTON STREET,BOSTON FIRE DEPARTMENT FIREHOUSE,2021-01-27,PFHXS; PFOA; PFOS,PSNC,MassDEP database,massdep,234147.85003976378,899818.899671764
3-0036772,BURLINGTON,ONE NETWORK DRIVE,RCA CORP FMR,2021-03-12,TOTAL PFAS,TMPS,MassDEP database,override,221872.7,916608.3
3-0036774,NATICK,22 PLEASANT STREET SOUTH,22 PLEASANT STREET LLC,2021-03-19,PFAS 6,DPS,MassDEP database,override,215357.6,891041.3
3-0036880,BURLINGTON,3 VAN DE GRAAFF DR,FMR HIGH VOLTAGE ENG COPR/BELLOFRAM SITE,2021-06-08,TOTAL PFAS,TIERI,MassDEP database,massdep,224788.0917350378,914577.6292446037
3-0036899,NEWBURYPORT,9 OPPORTUNITY WAY,INDUSTRIAL PROPERTY,2021-06-11,POLYFLUOROALKYL SUBSTANCE (PFAS),PSNC,MassDEP database,massdep,249895.58149903265,950487.2408961168
3-0036925,WILMINGTON,25 UPTON DRIVE,25 UPTON DRIVE,2021-07-02,PFAS,TIERI,MassDEP database,massdep,228699.20627928327,927060.4613448371
3-0036926,WILMINGTON,226 ANDOVER STREET,226 ANDOVER,2021-07-02,PFAS,TIERI,MassDEP database,massdep,228854.5425624078,927008.8901895069
3-0037006,MIDDLETON,272 NORTH MAIN STREET,PROLERIZED NEW ENGLAND DISPOSAL SITE,2021-07-30,PER- AND POLYFLUOROALKYL SUBSTANCES (PFAS) (sum of constituents listed below),TIERI,MassDEP database,massdep,239843.64786275462,927047.2568111506
3-0037062,BEDFORD,200 HANSCOM DRIVE,HANSCOM- CIVIL AIR TERMINAL - EAST RAMP,2021-09-14,PFAS,TIERI,MassDEP database,massdep,218297.2844486682,912770.4109601426
3-0037278,WAYLAND,484-490 BOSTON POST ROAD,RIVER'S EDGE DEVELOPMENT,2022-02-08,PFAS,DPS,MassDEP database,address,209503.78125,901866.5625
3-0037345,WAYLAND,484-490 BOSTON POST ROAD,BOSTON POST ROAD,2022-02-18,PFAS,DEPNFA,MassDEP database,massdep,209646.80870761903,901425.7620629873
3-0037366,TYNGSBOROUGH,6 SKYLINE DRIVE,RESIDENTIAL PROPERTY,2022-02-23,PFAS,NONREP,MassDEP database,massdep,202821.6708283438,931900.0188841978
3-0037495,TYNGSBOROUGH,22 ANDERSON DRIVE,RESIDENTIAL PROPERTY,2022-04-22,PFAS,SDISCO,MassDEP database,massdep,203092.83803460703,932068.0829332228
3-0037614,WINCHESTER,1 LOWELL AVENUE,LITHO-CRAFT,2022-08-09,PERFLUORODECANOIC ACID; PERFLUORONONANOIC ACID; PERFLUOROOCTANE SULFONIC ACID; PERFLUOROOCTANOIC ACID,PSNC,MassDEP database,street,230178.59375,912964.4375
3-0037690,WAYLAND,412 COMMONWEALTH ROAD,LOKER FIELD SOIL REMOVAL AREA,2022-08-18,PERFLUORODECANOIC ACID; PERFLUORONONANOIC ACID; PERFLUOROOCTANESULFONIC ACID; PERFLUOROOCTANOIC ACID,PSC,MassDEP database,massdep,212934.86852091,897299.918833099
3-0037715,WILMINGTON,175 LOWELL STREET,WILMINGTON LOWELL OWNER LLC,2022-09-22,PER AND POLYFLUOROALKYL SUBSTANCES (PFAS),DPS,MassDEP database,address,228425.578125,920924.375
3-0037750,WAYLAND,195 MAIN STREET,FORMER WAYLAND DPW,2022-11-01,TOTAL PFAS,TIERI,MassDEP database,massdep,211217.30347156996,897130.1989682079
3-0037888,BOXFORD,IPSWICH ROAD,IN FRONT OF 461 IPSWICH ROAD,2022-12-16,PERFLUOROHEPTANOIC ACID (PFHPA),RTNCLOSED,MassDEP database,street,239676.5625,938052.3125
3-0037915,WILMINGTON,760 MAIN STREET,760 MAIN STREET,2023-01-18,PFAS,TMPS,MassDEP database,massdep,228025.9921778474,920336.0765979032
3-0037989,LYNNFIELD,163 LOWELL STREET,RESIDENTIAL/COMMERCIAL PROPERTIES,2023-02-16,PFAS,DPS,MassDEP database,address,237841.3125,922536.5625
3-0038132,SALEM,373 Highland Ave,"LOTS 300B, 308B",2023-05-16,PERFLUOROHEXANESULFONIC ACID (PFHxS); PERFLUOROOCTANESULFONIC ACID (PFOS),TIERI,MassDEP database,massdep,246927.04810053296,916490.3655798174
3-0038158,CHELMSFORD,270 BILLERICA ROAD,BILLERICA ROAD,2023-06-02,PER- AND POLYFLUOROALKYL SUBSTANCES (PFAS) (sum of constituents listed below),DPS,MassDEP database,address,214743.453125,927207.4375
3-0038210,SALEM,16 Barnes Rd,MULTIPLE PARCELS,2023-07-19,PERFLUOROHEXANESULFONIC ACID (PFHxS); PERFLUOROOCTANESULFONIC ACID (PFOS); PERFLUOROOCTANOIC ACID (PFOA),TIERI,MassDEP database,massdep,246959.31385759244,916459.4783757315
3-0038442,LYNNFIELD,598 SALEM STREET,LYNNFIELD SOUTH FIRE STATION,2023-11-03,PFDA; PFHXS; PFNA; PFOS,TIERII,MassDEP database,massdep,240103.2170100074,918404.1778453012
3-0038474,BILLERICA,ROUTE 3 NORTH @ MM 79.6,ROUTE 3 NORTH AT MILE MARKER 79.6,2023-11-15,PER- AND POLYFLUOROALKYL SUBSTANCES (PFAS) (sum of constituents listed below),TIERI,MassDEP database,massdep,215825.99186117403,925462.1322666629
3-0050101,TYNGSBOROUGH,150 Westford Road,HISTORICAL DISPOSAL SITE RTN 3-35999,2024-04-19,PER- AND POLYFLUOROALKYL SUBSTANCES (PFAS) (sum of constituents listed below),RTNCLOSED,MassDEP database,address,205628.5,933720.0625
3-0050616,WESTFORD,Doris Road,DORIS ROAD AREA,2024-08-07,PFAS,SDISCO,MassDEP database,street,207027.25,930128.5
3-0050618,WESTFORD,Keyes Road,KEYES ROAD AREA,2024-08-07,PFAS,SDISCO,MassDEP database,street,203109.34375,929453.5
3-0050619,WESTFORD,Grey Fox Lane,GREY FOX LANE AREA,2024-08-07,PFAS,SDISCO,MassDEP database,street,206506.96875,927660.5
3-0050620,WESTFORD,Leland Road,LELAND ROAD AREA,2024-08-07,PFAS,SDISCO,MassDEP database,street,205883.140625,925915.0625
3-0050664,NORTH ANDOVER,492 SUTTON STREET,LAWRENCE MUNICIPAL AIRPORT,2024-07-26,pfoa; pfos,PSNC,MassDEP database,address,230825.265625,941011.9375
3-0050759,CHELMSFORD,10 HILDRETH STREET,RESIDENCE,2024-08-27,PFAS6,SDISCO,MassDEP database,address,212946.359375,927453.5625
3-0050848,CHELMSFORD,275 Billerica Road,"FORMER ELECTROMETALS, INC.",2024-09-10,PERFLUOROHEXANESULFONIC ACID (PFHxS); PERFLUOROOCTANESULFONIC ACID (PFOS); PERFLUOROOCTANOIC ACID (PFOA); TOTAL PERFLUOROCARBONS,TIERI,MassDEP database,address,214565.40625,927186.5
3-0050985,CHELMSFORD,279 Billerica Road,3M COMPANY,2024-10-17,PER- AND POLYFLUOROALKYL SUBSTANCES (PFAS) (sum of constituents listed below); PERFLUOROOCTANESULFONIC ACID (PFOS); PERFLUOROOCTANOIC ACID (PFOA),TIERI,MassDEP database,address,214608.96875,927130.375
3-0051248,MIDDLETON,131 East Street,PETER RUBCHINUK LANDFILL,2025-01-02,PER- AND POLYFLUOROALKYL SUBSTANCES (PFAS) (sum of constituents listed below),ADQREG,MassDEP database,address,241974.671875,929614.125
3-0051366,BEDFORD,70 CHENNAULT STREET,HANSCOM AFB BLDG. 1642 (CURRENT LRS),2025-02-04,PERFLUOROOCTANESULFONIC ACID (PFOS),ADQREG,MassDEP database,address,218364.9375,912471.4375
3-0051398,WESTFORD,Providence Road,PROVIDENCE RD AREA,2025-02-11,PER- AND POLYFLUOROALKYL SUBSTANCES (PFAS) (sum of constituents listed below),SDISCO,MassDEP database,street,206300.625,925902.3125
3-0051400,WOBURN,1071 MAIN STREET,UNKNOWN,2025-02-05,PER- AND POLYFLUOROALKYL SUBSTANCES (PFAS) (sum of constituents listed below),TIER1D,MassDEP database,address,228080.390625,918671.8125
3-0051402,BEDFORD,3 ROBINS STREET,HANSCOM AFB - BUILDING #1721,2025-02-10,PER- AND POLYFLUOROALKYL SUBSTANCES (PFAS) (sum of constituents listed below); PERFLUOROHEXANESULFONIC ACID (PFHxS); PERFLUOROOCTANESULFONIC ACID (PFOS),ADQREG,MassDEP database,address,217804.78125,912705.125
3-0051530,MIDDLETON,Hilldale Avenue,RESIDENCES ALONG HILLDALE AVE,2025-03-07,PER- AND POLYFLUOROALKYL SUBSTANCES (PFAS) (sum of constituents listed below),ADQREG,MassDEP database,street,240349.671875,924204.625
3-0051563,METHUEN,30 RAILROAD AVENUE,VACANT LOT - TAX MAP 716 LOT 16,2025-03-13,PERFLUOROOCTANESULFONIC ACID (PFOS),PSC,MassDEP database,unmatched,,
3-0051681,BEDFORD,45 CROSBY DRIVE,45 CROSBY DRIVE,2025-04-11,PER- AND POLYFLUOROALKYL SUBSTANCES (PFAS) (sum of constituents listed below),DPS,MassDEP database,address,221204.203125,918004.8125
3-0051744,BEDFORD,Near Carlisle Rd & Old Causeway Rd,CARLISLE RD AND OLD CAUSEWAY ROAD,2025-04-29,PER- AND POLYFLUOROALKYL SUBSTANCES (PFAS) (sum of constituents listed below),SDISCO,MassDEP database,unmatched,,
3-0052204,WESTWOOD,637 HIGH STREET,WESTWOOD FIRE DEPARTMENT,2025-07-21,PER- AND POLYFLUOROALKYL SUBSTANCES (PFAS) (sum of constituents listed below); PERFLUORODECANOIC ACID (PFDA); PERFLUOROHEPTANOIC ACID (PFHpA); PERFLUOROHEXANESULFONIC ACID (PFHxS); PERFLUORONONANOIC ACID (PFNA); PERFLUOROOCTANESULFONIC ACID (PFOS); PERFLUOROOCTANOIC ACID (PFOA),UNCLSS,MassDEP database,address,222912.015625,886283.0625
3-0052288,SALEM,14 Cedar Road,14 CEDAR ROAD,2025-08-06,PER- AND POLYFLUOROALKYL SUBSTANCES (PFAS) (sum of constituents listed below),UNCLSS,MassDEP database,address,246998.640625,916407.5
3-0052289,SALEM,373 Highland Avenue,373 HIGHLAND AVE LOT 300B,2025-08-06,PER- AND POLYFLUOROALKYL SUBSTANCES (PFAS) (sum of constituents listed below),UNCLSS,MassDEP database,address,246904.765625,916469.5625
3-0052328,WESTWOOD,30 PERWAL STREET,COMMERCIAL PROPERTY,2025-08-15,PER- AND POLYFLUOROALKYL SUBSTANCES (PFAS) (sum of constituents listed below),DPS,MassDEP database,address,226537.25,884886.5625
3-0052379,CHELMSFORD,295 Acton Road,FIRE STATION #5,2025-08-28,PER- AND POLYFLUOROALKYL SUBSTANCES (PFAS) (sum of constituents listed below),UNCLSS,MassDEP database,address,210218.546875,924751.0
3-0052399,MIDDLETON,Near Belleview Ave,BELLEVIEW AVE AREA,2025-09-03,PER- AND POLYFLUOROALKYL SUBSTANCES (PFAS) (sum of constituents listed below),SDISCO,MassDEP database,street,240237.921875,924260.8125
3-0052418,CARLISLE,,CHURCH ST AREA,2025-09-05,PER- AND POLYFLUOROALKYL SUBSTANCES (PFAS) (sum of constituents listed below),SDISCO,MassDEP database,unmatched,,
3-0052427,BILLERICA,100 CHELMSFORD ROAD,GEARTRONICS,2025-09-05,PER- AND POLYFLUOROALKYL SUBSTANCES (PFAS) (sum of constituents listed below),RTNCLOSED,MassDEP database,address,215687.625,926295.8125
3-0052628,HAVERHILL,108 Plaistow Rd,STATELINE PLAZA,2025-10-21,PER- AND POLYFLUOROALKYL SUBSTANCES (PFAS) (sum of constituents listed below); PERFLUOROOCTANOIC ACID (PFOA),UNCLSS,MassDEP database,address,232417.953125,951652.9375
3-0052775,WAYLAND,311 BOSTON POST ROAD,COMMERCIAL PROPERTY,2025-11-19,PER- AND POLYFLUOROALKYL SUBSTANCES (PFAS) (sum of constituents listed below),UNCLSS,MassDEP database,address,211084.484375,901381.25
3-0052776,WAYLAND,297 BOSTON POST ROAD,COMMERCIAL PROPERTY,2025-11-19,PER- AND POLYFLUOROALKYL SUBSTANCES (PFAS) (sum of constituents listed below),UNCLSS,MassDEP database,address,211089.15625,901289.125
3-0052890,CHELMSFORD,260 OLD WESTFORD ROAD,CHELMSFORD FIRE STATION #3,2025-12-15,PER- AND POLYFLUOROALKYL SUBSTANCES (PFAS) (sum of constituents listed below),UNCLSS,MassDEP database,address,209090.78125,928393.125
3-0052993,TOPSFIELD,Wilmor Rd,WILMOR ROAD,2025-12-31,PER- AND POLYFLUOROALKYL SUBSTANCES (PFAS) (sum of constituents listed below),UNCLSS,MassDEP database,street,244684.0625,934421.5
3-0053072,MELROSE,204 TREMONT STREET,MELROSE ENGINE 2,2026-02-10,PERFLUOROHEPTANOIC ACID (PFHpA); PERFLUOROHEXANESULFONIC ACID (PFHxS); PERFLUORONONANOIC ACID (PFNA); PERFLUOROOCTANESULFONIC ACID (PFOS); PERFLUOROOCTANOIC ACID (PFOA),UNCLSS,MassDEP database,address,235445.84375,912941.0
3-0053434,TEWKSBURY,73 HILLMAN STREET,HILLMAN ENERGY CENTER,2026-05-04,PER- AND POLYFLUOROALKYL SUBSTANCES (PFAS) (sum of constituents listed below),UNCLSS,MassDEP database,address,221063.765625,929985.5625
4-0000268,CARVER,OFF RTE 58,NORTH CARVER LANDFILL,1987-04-03,PER- AND POLYFLUOROALKYL SUBSTANCES (PFAS) (sum of constituents listed below),ADQREG,MassDEP database,unmatched,,
4-0026179,BARNSTABLE,155 SOUTH FLINT ROCK ROAD,BARNSTABLE COUNTY FIRE TRAINING ACADEMY,2016-08-04,PFOS,TIERI,2021 list only,address,301139.65625,826127.5
4-0027571,West Tisbury,71 AIRPORT ROAD,MV AIRPORT,2018-11-20,PFOA,TIERI,2021 list only,massdep,274202.8740520356,793561.3710055468
4-0027908,Canton,NEPONSET STREET,NEPONSET WELL,2020-11-23,PFAS,DPS,2021 list only,massdep,228000.93810921125,879077.336992122
4-0028219,NANTUCKET,14 AIRPORT ROAD,NANTUCKET MEMORIAL AIRPORT,2020-03-03,PFAS,TIERI,2021 list only,massdep,320365.5064052589,779513.2383191623
4-0028330,CARVER,3 PARK AVENUE,"PARK AVENUE PROPERTY, CARVER",2020-05-28,PFAS SUM OF 6 COMPOUNDS,REMOPS,2021 list only,massdep,256279.1868018816,853159.5083385636
4-0028503,REHOBOTH,295 WINTHROP ST,FMR L & R TRUCK REPAIR,2020-09-10,PFAS,RTNCLOSED,2021 list only,massdep,220975.24588811107,844374.6504516536
4-0028765,PLYMOUTH,600 ROCKY HILL ROAD,PILGRIM NUCLEAR POWER STATION,2021-04-21,PFAS6,TIERII,2021 list only,massdep,276352.3471384933,855343.7050692973
4-0028855,BARNSTABLE,1038 IYANNOUGH ROAD,COMMERCIAL PROPERTY,2021-06-23,TOTAL REGULATED PFAS COMPOUNDS (PPT),DPS,2021 list only,massdep,299660.79407299,825443.2674271273
4-0028856,BARNSTABLE,95 AIRPORT ROAD,COMMERCIAL PROPERTY,2021-06-23,TOTAL REGULATED PFAS COMPOUNDS (PPT),DPS,2021 list only,massdep,300239.59765408526,825334.2026570922
4-0028942,REHOBOTH,ANAWAN/WINTHROP,AREA OF ANAWAN AND WNTHROP STREETS,2021-09-07,PER- AND POLYFLUOROALKYL SUBSTANCES (PFAS) (sum of constituents listed below),UNCLSS,MassDEP database,unmatched,,
4-0029083,RANDOLPH,MULTIPLE LOCATIONS,GREAT POND RESERVOIR,2021-11-02,PER- AND POLYFLUOROALKYL SUBSTANCES (PFAS) (sum of constituents listed below),TIER1D,MassDEP database,unmatched,,
4-0029236,STOUGHTON,MULTIPLE LOCATIONS,MUDDY POND WELLFIELD,2022-03-04,PFAS6,TIER1D,MassDEP database,massdep,230295.25620960927,873776.9188147084
4-0029303,NANTUCKET,7 Sun Island Rd,SUN ISLAND FUEL,2022-04-27,PER- AND POLYFLUOROALKYL SUBSTANCES (PFAS) (sum of constituents listed below),TIERI,MassDEP database,massdep,320883.48365066596,780360.6762623846
4-0029369,WELLFLEET,CHEQUESSETT NECK RD,WELLFLEET SITE DISCOVERY,2022-05-26,PER- AND POLYFLUOROALKYL SUBSTANCES (PFAS) (sum of constituents listed below),UNCLSS,MassDEP database,massdep,321429.08794231573,855075.0447973687
4-0029401,CHILMARK,Near 1-7 Rumpus Ridge Rd,RESIDENTIAL DRINKING WATER WELL,2022-06-23,PER- AND POLYFLUOROALKYL SUBSTANCES (PFAS) (sum of constituents listed below),TIER1D,MassDEP database,massdep,262576.8401183193,787791.5055388235
4-0029576,ATTLEBORO,MULTIPLE LOCATIONS,LAKE MIRIMICHI,2022-11-21,PER- AND POLYFLUOROALKYL SUBSTANCES (PFAS) (sum of constituents listed below),TIER1D,MassDEP database,unmatched,,
4-0029606,WESTPORT,569 SANFORD ROAD,SANFORD ROAD AND BRIGGS ROAD NEIGHBORHOO,2022-11-21,PFAS; PFAS6,NONREP,MassDEP database,massdep,232670.8826086922,822126.7525287727
4-0029612,NANTUCKET,MULTIPLE LOCATIONS,NANTUCKET,2022-11-30,PER- AND POLYFLUOROALKYL SUBSTANCES (PFAS) (sum of constituents listed below),TIER1D,MassDEP database,unmatched,,
4-0029668,BRIDGEWATER,MULTIPLE LOCATIONS,WELLS AT CARVER POND 4042000-13G,2023-01-31,PER- AND POLYFLUOROALKYL SUBSTANCES (PFAS) (sum of constituents listed below),UNCLSS,MassDEP database,unmatched,,
4-0029673,WEST TISBURY,MULTIPLE LOCATIONS,LANDFILL & EDGARTOWN ROAD,2023-10-03,PER- AND POLYFLUOROALKYL SUBSTANCES (PFAS) (sum of constituents listed below),TIER1D,MassDEP database,unmatched,,
4-0029679,WESTPORT,MAIN ROAD,"WESTPORT VILLAGE, MAIN ROAD AREA",2023-03-10,PER- AND POLYFLUOROALKYL SUBSTANCES (PFAS) (sum of constituents listed below),UNCLSS,MassDEP database,street,234509.953125,812309.3125
4-0029680,EASTHAM,3800 STATE HWY,"4086005-01G,02G AND -03G - SHERATON",2023-03-10,PER- AND POLYFLUOROALKYL SUBSTANCES (PFAS) (sum of constituents listed below),TIER1D,MassDEP database,address,325808.4375,845180.125
4-0029686,BRIDGEWATER,MULTIPLE LOCATIONS,HIGH STREET WELLS,2023-01-31,PER- AND POLYFLUOROALKYL SUBSTANCES (PFAS) (sum of constituents listed below),UNCLSS,MassDEP database,unmatched,,
4-0029724,EASTHAM,MULTIPLE LOCATIONS,4086022 OAK GROVE AND 4086045 SEATOLLER,2023-03-17,PER- AND POLYFLUOROALKYL SUBSTANCES (PFAS) (sum of constituents listed below),TIER1D,MassDEP database,unmatched,,
4-0029743,REHOBOTH,27 FRANCIS FARM RD,FRANCIS FARMS PUBLIC SUPPLY WELL,2023-03-09,PER- AND POLYFLUOROALKYL SUBSTANCES (PFAS) (sum of constituents listed below),TIER1D,MassDEP database,address,223251.390625,843277.3125
4-0029770,TRURO,6 SHORE ROAD,4300030-03G,2023-03-28,PER- AND POLYFLUOROALKYL SUBSTANCES (PFAS) (sum of constituents listed below),UNCLSS,MassDEP database,address,317770.90625,865078.875
4-0029826,CANTON,NEPONSET STREET,NEPONSET WELL 4050000-09G,2023-05-24,PFAS6,NONREP,MassDEP database,massdep,227866.8216496356,878816.6605735647
4-0029832,CARVER,MULTIPLE LOCATIONS,CARVER-PLYMPTON,2023-05-31,PER- AND POLYFLUOROALKYL SUBSTANCES (PFAS) (sum of constituents listed below),TIER1D,MassDEP database,unmatched,,
4-0029980,YARMOUTH,MULTIPLE LOCATIONS,MILL CREEK,2023-08-28,PER- AND POLYFLUOROALKYL SUBSTANCES (PFAS) (sum of constituents listed below),TIER1D,MassDEP database,unmatched,,
4-0050019,TISBURY,,WEST TISBURY LANDFILL,2024-03-29,PER- AND POLYFLUOROALKYL SUBSTANCES (PFAS) (sum of constituents listed below),TIER1D,MassDEP database,unmatched,,
4-0050366,TRURO,2 Sand Pit Rd,ESTATE OF DONALD NOONS,2024-06-20,PFAS,TIERII,MassDEP database,massdep,317754.03245880746,864653.1770503239
4-0050597,MARION,Near,NEAR DERBY LANE,2024-07-30,PFAS6,TIER1D,MassDEP database,unmatched,,
4-0050710,EASTHAM,255 Old Orchard Road,EASTHAM LANDFILL,2024-08-21,PFAS6,TIER1D,MassDEP database,address,326159.40625,845173.1875
4-0050777,TRURO,17 Town Hall Road,TRURO DPW,2024-09-05,PFAS6,TIERI,MassDEP database,address,319596.53125,861987.25
4-0050885,EDGARTOWN,3 Jeffers Lane,PFOA IN RESIDENTIAL DRINKING WATER WELL,2024-09-27,PER- AND POLYFLUOROALKYL SUBSTANCES (PFAS) (sum of constituents listed below),TIERI,MassDEP database,address,286143.1875,792799.1875
4-0050910,TAUNTON,582 Myricks Street,,2024-09-10,PER- AND POLYFLUOROALKYL SUBSTANCES (PFAS) (sum of constituents listed below),TIERI,MassDEP database,address,242101.5,844512.3125
4-0050971,FALL RIVER,288 Plymouth Ave,288 PLYMOUTH ST.,2024-10-17,PERFLUORODECANOIC ACID (PFDA),PSNC,MassDEP database,address,229151.984375,827266.4375
4-0050972,NEW BEDFORD,42 Edison Street,42 EDISON STREET,2024-10-17,PERFLUOROHEXANESULFONIC ACID (PFHxS); PERFLUOROOCTANOIC ACID (PFOA),PSNC,MassDEP database,address,247026.375,824316.125
4-0051228,FREETOWN,49 Howland Road,HOWLAND ROAD LANDFILL,2024-12-26,PER- AND POLYFLUOROALKYL SUBSTANCES (PFAS) (sum of constituents listed below),TIER1D,MassDEP database,address,238298.296875,839040.25
4-0051381,TRURO,Near Town Dump Rd,TRURO LANDFILL,2025-02-06,PER- AND POLYFLUOROALKYL SUBSTANCES (PFAS) (sum of constituents listed below),ADQREG,MassDEP database,street,320717.9375,860322.0625
4-0051482,BARNSTABLE,65 Independence Drive,COMMERCIAL PROPERTY,2025-02-25,PER- AND POLYFLUOROALKYL SUBSTANCES (PFAS) (sum of constituents listed below),DPS,MassDEP database,address,299730.5,825577.5
4-0052573,FOXBOROUGH,131 Morse St,SUMMIT CASTING CORPORATION FACILITY,2025-10-08,PFAS6,UNCLSS,MassDEP database,address,223683.390625,866187.125
4-0052835,CHILMARK,Near,"NORTH RD, CHILMARK",2025-12-02,PER- AND POLYFLUOROALKYL SUBSTANCES (PFAS) (sum of constituents listed below),UNCLSS,MassDEP database,unmatched,,
4-0052903,CHILMARK,Menemsha Inn Rd,NEAR MENEMSHA INN ROAD,2025-12-02,PER- AND POLYFLUOROALKYL SUBSTANCES (PFAS) (sum of constituents listed below),UNCLSS,MassDEP database,street,261960.21875,789889.0
4-0053092,EASTHAM,Wood Duck Ln,WOOD DUCK LANE,2025-10-31,PER- AND POLYFLUOROALKYL SUBSTANCES (PFAS) (sum of constituents listed below),UNCLSS,MassDEP database,street,325986.0,844208.375
4-3025357,HINGHAM,101 HERSEY ST,HINGHAM DPW STOCKYARD,2021-07-23,TOTAL PFAS,RAO,2021 list only,massdep,250084.16513060633,887302.9969391801
