town,wells_tested,wells_over20,model_rate_uncalibrated,calibrated_rate_out_of_sample,blended_rate
Aquinnah,10,0,0.1134,0.0424,0.0298
Nantucket,41,5,0.1402,0.0532,0.0971
West Tisbury,42,4,0.085,0.0299,0.0717
Westport,40,2,0.1962,0.0808,0.0612
Rochester,15,1,0.1006,0.0374,0.0487
Freetown,26,0,0.2088,0.0858,0.0403
Berkley,29,0,0.1659,0.0659,0.0293
Lakeville,40,2,0.1935,0.0779,0.0601
Rehoboth,40,2,0.1614,0.063,0.0547
Wellfleet,45,4,0.1255,0.0461,0.0743
Plympton,13,0,0.1258,0.0479,0.0309
Millville,6,1,0.2248,0.0904,0.1059
Truro,33,0,0.1253,0.0483,0.0201
Holland,17,1,0.0765,0.0275,0.0405
Wales,7,0,0.0627,0.0225,0.0174
Hampden,34,0,0.0784,0.0288,0.0118
Mendon,10,0,0.2565,0.1078,0.0754
Granville,9,0,0.0427,0.0151,0.011
Tolland,21,0,0.037,0.0131,0.007
New Marlborough,25,0,0.0425,0.0151,0.0074
Brimfield,9,0,0.0628,0.0226,0.0164
Charlton,26,2,0.139,0.0526,0.0654
Sutton,7,1,0.2001,0.0793,0.0939
Sandisfield,8,0,0.0416,0.0148,0.0111
Montgomery,15,0,0.0497,0.0177,0.0109
Monterey,5,0,0.0471,0.0167,0.0139
Otis,22,0,0.0706,0.0257,0.0134
Sherborn,34,5,0.2038,0.0788,0.1196
Dover,16,0,0.2466,0.1035,0.0612
Tyringham,11,0,0.0376,0.0133,0.0091
Granby,29,2,0.1218,0.0455,0.0585
Alford,5,0,0.0585,0.0211,0.0175
Becket,26,0,0.0736,0.0271,0.013
Belchertown,28,0,0.1159,0.0448,0.0205
New Braintree,2,0,0.0443,0.0157,0.0145
Westhampton,33,1,0.046,0.0162,0.0244
Middlefield,3,0,0.0317,0.0111,0.0099
Oakham,5,0,0.0546,0.0195,0.0161
Berlin,5,1,0.1623,0.0622,0.0862
Pelham,38,2,0.0732,0.0261,0.0424
Washington,10,0,0.0389,0.0137,0.0097
Richmond,34,0,0.0795,0.0292,0.012
Chesterfield,8,0,0.0426,0.0151,0.0113
Stow,42,6,0.2385,0.0954,0.1263
Bolton,25,0,0.1749,0.0695,0.0335
Goshen,14,0,0.0462,0.0164,0.0104
Peru,9,0,0.0433,0.0153,0.0112
Shutesbury,40,5,0.0817,0.0283,0.0891
Princeton,32,0,0.1588,0.0634,0.0267
Boxborough,43,5,0.29,0.1242,0.119
Leverett,40,3,0.1097,0.04,0.0621
Hubbardston,4,0,0.1024,0.038,0.0326
New Salem,39,0,0.1012,0.0389,0.0146
Petersham,15,0,0.1132,0.0427,0.0262
Harvard,31,1,0.191,0.077,0.0513
Carlisle,40,10,0.2318,0.0872,0.1913
Plainfield,13,1,0.0401,0.014,0.036
Windsor,10,0,0.0416,0.0148,0.0104
Ashfield,24,0,0.0416,0.0148,0.0074
Conway,31,0,0.0475,0.017,0.0074
Wendell,40,0,0.1065,0.0413,0.0153
Phillipston,3,1,0.1588,0.0616,0.0921
Buckland,7,0,0.0536,0.0192,0.0149
Hawley,1,0,0.0384,0.0136,0.013
Erving,8,0,0.0788,0.0288,0.0216
New Ashford,3,0,0.0437,0.0155,0.0138
Shelburne,20,0,0.0463,0.0165,0.009
Savoy,2,0,0.0739,0.0269,0.0248
Charlemont,5,0,0.0453,0.0161,0.0133
Tyngsborough,38,6,0.2753,0.1149,0.142
Dunstable,8,0,0.202,0.0813,0.0607
Ashby,18,0,0.068,0.0246,0.014
Warwick,22,0,0.0328,0.0115,0.006
Boxford,34,0,0.1896,0.0777,0.0314
Leyden,12,0,0.0428,0.0152,0.0101
Colrain,18,0,0.0404,0.0143,0.0082
Heath,4,0,0.0352,0.0124,0.0106
Rowe,2,0,0.0335,0.0118,0.0109
Florida,1,0,0.0416,0.0147,0.0141
Clarksburg,2,0,0.0782,0.0285,0.0263
Newbury,25,4,0.1823,0.0699,0.1166
Royalston,11,0,0.0397,0.014,0.0096
Carver,31,4,0.2072,0.0818,0.1089
