town,residents,est_share_over20,share_before_calibration,expected_residents_over20
Taunton,18895,0.1047,0.2491,1978
Marlborough,9373,0.1851,0.3862,1735
Carver,10307,0.1089,0.2072,1123
Acton,7531,0.1411,0.3226,1063
Tyngsborough,7292,0.142,0.2753,1035
Carlisle,5237,0.1913,0.2318,1002
Westport,16179,0.0612,0.1962,990
Dudley,6942,0.1287,0.2953,893
Stow,6942,0.1263,0.2385,877
Westford,7577,0.1151,0.2728,872
Canton,7652,0.1115,0.2599,854
Hopkinton,9731,0.0852,0.2116,829
Stoughton,5533,0.1477,0.3329,817
Dartmouth,12534,0.0636,0.1621,798
Charlton,12078,0.0654,0.139,790
Grafton,7866,0.0983,0.2392,773
Leicester,7715,0.0945,0.2303,729
Framingham,5804,0.1245,0.2764,723
Plymouth,14976,0.0462,0.123,692
Middleton,6123,0.1122,0.2634,687
Rehoboth,12472,0.0547,0.1614,683
Millbury,5256,0.1241,0.2897,652
Ipswich,7166,0.0905,0.2222,649
Pembroke,7196,0.0894,0.2217,644
Tewksbury,6642,0.0957,0.2323,635
Lakeville,10456,0.0601,0.1935,629
Shrewsbury,4143,0.1456,0.3298,603
Hingham,4661,0.1279,0.2969,596
Lunenburg,6894,0.0856,0.2112,590
Amesbury,5806,0.1007,0.2419,585
Medway,4627,0.1257,0.2937,581
Sutton,6082,0.0939,0.2001,571
Weymouth,2808,0.2024,0.4245,568
Raynham,4606,0.1228,0.2892,565
Boxborough,4679,0.119,0.29,557
Dracut,6534,0.0844,0.2043,551
Sharon,4515,0.1175,0.2779,531
Sherborn,4260,0.1196,0.2038,509
Groton,6509,0.0781,0.1959,508
Douglas,8122,0.0615,0.1592,499
Norwood,2706,0.184,0.3961,498
Ludlow,8188,0.0593,0.1528,486
Sturbridge,7191,0.0651,0.1667,468
Swansea,6000,0.0761,0.1921,457
Mendon,6044,0.0754,0.2565,456
Uxbridge,5860,0.0743,0.1858,436
Townsend,6596,0.0659,0.1674,435
Norfolk,4509,0.0945,0.2323,426
Duxbury,4766,0.0887,0.2129,423
Littleton,3989,0.1038,0.2515,414
North Reading,5116,0.0806,0.1993,412
Franklin,3536,0.114,0.271,403
Burlington,1981,0.2032,0.4222,403
Wilbraham,7715,0.0521,0.1353,402
Salisbury,6184,0.0635,0.1623,393
Eastham,3312,0.1185,0.2804,392
Dighton,5527,0.0706,0.1809,390
Newbury,3322,0.1166,0.1823,387
Oxford,6796,0.056,0.1465,380
Braintree,2374,0.1591,0.3461,378
Webster,3479,0.1069,0.253,372
Leominster,5829,0.0637,0.1619,371
Holbrook,2906,0.1273,0.2947,370
Brockton,2070,0.1726,0.3758,357
Barnstable,5197,0.0679,0.1702,353
Palmer,6935,0.0499,0.1287,346
Northborough,3677,0.0941,0.2298,346
Fall River,4036,0.0853,0.197,344
Freetown,8519,0.0403,0.2088,343
Middleborough,5526,0.061,0.1562,337
Millville,3174,0.1059,0.2248,336
Walpole,2765,0.1207,0.2827,334
Georgetown,4030,0.082,0.2061,331
Granby,5643,0.0585,0.1218,330
Marshfield,5954,0.0553,0.1381,329
Holden,4410,0.0705,0.1785,311
Gloucester,5895,0.0521,0.1354,307
Peabody,3812,0.0805,0.1989,307
Halifax,4584,0.0646,0.1661,296
Auburn,2709,0.1088,0.2596,295
Westminster,5930,0.0494,0.129,293
Rockland,2392,0.1219,0.2853,291
Whitman,1812,0.1595,0.3544,289
Ashland,4143,0.0692,0.1758,287
Medfield,2547,0.1109,0.2655,282
Sandwich,4382,0.0638,0.1629,280
Kingston,5084,0.0546,0.1435,278
Spencer,5836,0.0474,0.1244,277
Harvard,5376,0.0513,0.191,276
Amherst,7026,0.0391,0.1055,275
Rochester,5602,0.0487,0.1006,273
Seekonk,3840,0.0693,0.1738,266
Attleboro,3857,0.0683,0.1718,264
Groveland,2637,0.0991,0.2408,261
Abington,1766,0.1472,0.3323,260
Boxford,8134,0.0314,0.1896,255
West Tisbury,3555,0.0717,0.085,255
Holliston,2556,0.0994,0.2412,254
Belchertown,12381,0.0205,0.1159,254
Nantucket,2547,0.0971,0.1402,247
Bourne,5194,0.0473,0.1256,246
Harwich,4058,0.0601,0.1552,244
Wrentham,4065,0.0598,0.1543,243
Yarmouth,2922,0.0831,0.2059,243
Natick,1537,0.1576,0.3512,242
Southborough,3561,0.0679,0.1718,242
Wellfleet,3245,0.0743,0.1255,241
Reading,2637,0.0905,0.217,239
Dover,3892,0.0612,0.2466,238
Wilmington,3808,0.0625,0.1592,238
Upton,4417,0.0535,0.1404,236
Wenham,3411,0.0689,0.1742,235
Pittsfield,6520,0.0357,0.097,233
Pepperell,2580,0.0889,0.2162,229
Winchendon,6002,0.0377,0.1008,226
Berlin,2622,0.0862,0.1623,226
West Boylston,2178,0.1024,0.2406,223
South Hadley,4499,0.048,0.1272,216
Hopedale,1349,0.1575,0.3487,212
Monson,6218,0.0339,0.0911,211
Templeton,5210,0.04,0.1067,208
Shirley,2774,0.0742,0.1885,206
Rutland,6392,0.0319,0.0866,204
Essex,2556,0.0781,0.1972,200
Acushnet,5430,0.0367,0.0988,199
Berkley,6764,0.0293,0.1659,198
Gardner,3306,0.0596,0.1535,197
Northbridge,2617,0.075,0.1892,196
Weston,2760,0.0709,0.1737,196
Dunstable,3175,0.0607,0.202,193
Easton,2033,0.0926,0.227,188
Northampton,6076,0.031,0.085,188
Salem,3120,0.0579,0.1511,181
Scituate,1986,0.0894,0.222,177
Norton,2540,0.0691,0.1761,175
Bolton,5234,0.0335,0.1749,175
Haverhill,3179,0.0544,0.1414,173
East Bridgewater,1716,0.1002,0.2439,172
Millis,1457,0.113,0.2692,165
Hamilton,2284,0.071,0.179,162
West Brookfield,2951,0.0544,0.1413,160
Phillipston,1726,0.0921,0.1588,159
Concord,1926,0.0824,0.2052,159
Greenfield,4330,0.0362,0.098,157
Ashburnham,4515,0.0341,0.0911,154
Shutesbury,1717,0.0891,0.0817,153
Athol,4369,0.0349,0.0942,153
Westborough,1414,0.1078,0.2601,152
Lancaster,2832,0.0531,0.1381,150
Southwick,5986,0.0249,0.0692,149
Milford,1168,0.1275,0.2959,149
West Springfield,3572,0.0412,0.1109,147
Paxton,2691,0.0539,0.1414,145
Milton,2402,0.0596,0.1493,143
Merrimac,2714,0.0525,0.1379,143
Hubbardston,4284,0.0326,0.1024,140
Saugus,3075,0.0452,0.1208,139
Warren,3395,0.0409,0.1083,139
Orange,4149,0.0325,0.0886,135
West Newbury,2471,0.0541,0.1418,134
North Andover,3121,0.0422,0.111,132
Topsfield,1407,0.0933,0.2299,131
Mansfield,1254,0.1043,0.2503,131
Bridgewater,1347,0.097,0.2369,131
Great Barrington,3688,0.0348,0.0922,128
Blackstone,1231,0.1023,0.249,126
Brookfield,2413,0.0514,0.1359,124
Ware,4950,0.0249,0.0692,123
North Adams,3390,0.035,0.0948,119
Holyoke,3006,0.0393,0.1057,118
Leverett,1855,0.0621,0.1097,115
Plainville,2446,0.0464,0.122,113
Wayland,1014,0.1095,0.2613,111
Montague,2807,0.0393,0.1059,110
Agawam,3307,0.0332,0.0908,110
Fitchburg,2010,0.0542,0.139,109
Manchester-By-The-Sea,2705,0.0399,0.1074,108
Barre,4310,0.025,0.0693,108
Norwell,1315,0.0819,0.2059,108
Holland,2603,0.0405,0.0765,105
Easthampton,2753,0.0382,0.1033,105
Brewster,2508,0.0414,0.1104,104
Chicopee,2127,0.0482,0.1278,102
North Attleborough,1106,0.0911,0.2227,101
Southampton,3729,0.0269,0.0744,100
Deerfield,3584,0.0278,0.0766,100
Wellesley,525,0.1898,0.4043,100
Falmouth,1337,0.0742,0.1827,99
Princeton,3495,0.0267,0.1588,93
Sunderland,2740,0.0333,0.091,91
Plympton,2930,0.0309,0.1258,91
North Brookfield,2899,0.0305,0.0835,88
Foxborough,987,0.0891,0.2195,88
Waltham,1525,0.0571,0.1494,87
Northfield,2462,0.0346,0.0919,85
Chelmsford,594,0.1382,0.3182,82
Rowley,1215,0.0663,0.1704,81
Bellingham,764,0.1047,0.254,80
Boylston,1538,0.0502,0.1326,77
Somerset,1768,0.0433,0.1162,77
Lenox,1995,0.038,0.102,76
Westfield,2674,0.0283,0.0782,76
Hadley,3269,0.022,0.0614,72
Sudbury,1049,0.0674,0.1667,71
Sterling,1365,0.048,0.1266,65
Bedford,653,0.0983,0.2404,64
East Brookfield,1460,0.0426,0.1144,62
Hatfield,2457,0.0244,0.0678,60
Brimfield,3625,0.0164,0.0628,60
Hampden,4863,0.0118,0.0784,57
Sheffield,3241,0.0175,0.0492,57
Rockport,1699,0.0332,0.091,56
Lee,1785,0.0314,0.0847,56
Southbridge,1817,0.0304,0.0828,55
Pelham,1252,0.0424,0.0732,53
Williamstown,2050,0.0257,0.071,53
Edgartown,1931,0.0261,0.0721,50
Mashpee,687,0.072,0.1809,49
Egremont,1331,0.037,0.0994,49
Lanesborough,2104,0.0234,0.0651,49
Adams,1674,0.0289,0.0796,48
Dalton,1842,0.0256,0.0711,47
Cheshire,2147,0.0215,0.0601,46
Lincoln,870,0.053,0.1377,46
Newburyport,533,0.0846,0.2083,45
Ashby,3193,0.014,0.068,45
Truro,2058,0.0201,0.1253,41
Gill,1169,0.0349,0.095,41
Clarksburg,1548,0.0263,0.0782,41
Westhampton,1622,0.0244,0.046,40
Chatham,606,0.0643,0.1658,39
Mattapoisett,1476,0.0263,0.0728,39
Williamsburg,1948,0.0188,0.0527,37
Lawrence,557,0.0648,0.1666,36
East Longmeadow,924,0.0387,0.1045,36
Lynn,623,0.0559,0.1469,35
Stockbridge,1403,0.0248,0.0687,35
Russell,1643,0.0202,0.0568,33
Hinsdale,1613,0.0204,0.0572,33
Huntington,1651,0.0199,0.0558,33
Hardwick,1733,0.0183,0.0513,32
Petersham,1187,0.0262,0.1132,31
Wales,1737,0.0174,0.0627,30
Oak Bluffs,901,0.0335,0.0918,30
Oakham,1851,0.0161,0.0546,30
Bernardston,1398,0.0211,0.059,30
Erving,1333,0.0216,0.0788,29
Provincetown,688,0.039,0.1057,27
Chilmark,1212,0.0219,0.061,27
West Stockbridge,1213,0.0211,0.0588,26
Becket,1931,0.013,0.0736,25
Plainfield,633,0.036,0.0401,23
Otis,1634,0.0134,0.0706,22
Buckland,1333,0.0149,0.0536,20
Whately,1205,0.0164,0.0464,20
Hancock,741,0.023,0.0639,17
Granville,1538,0.011,0.0427,17
Richmond,1390,0.012,0.0795,17
Chester,966,0.0169,0.0476,16
Savoy,645,0.0248,0.0739,16
Charlemont,1170,0.0133,0.0453,16
Blandford,1019,0.0148,0.0419,15
New Braintree,996,0.0145,0.0443,14
New Salem,983,0.0146,0.1012,14
Wendell,924,0.0153,0.1065,14
Monterey,997,0.0139,0.0471,14
Worthington,1002,0.0135,0.0383,14
Chesterfield,1186,0.0113,0.0426,13
Conway,1761,0.0074,0.0475,13
Colrain,1543,0.0082,0.0404,13
Ashfield,1664,0.0074,0.0416,12
Royalston,1250,0.0096,0.0397,12
New Marlborough,1513,0.0074,0.0425,11
Sandisfield,989,0.0111,0.0416,11
Shelburne,1149,0.009,0.0463,10
Goshen,960,0.0104,0.0462,10
Cummington,699,0.014,0.0398,10
Florida,694,0.0141,0.0416,10
Peru,814,0.0112,0.0433,9
Montgomery,819,0.0109,0.0497,9
Windsor,831,0.0104,0.0416,9
Heath,723,0.0106,0.0352,8
Leyden,734,0.0101,0.0428,7
Warwick,780,0.006,0.0328,5
